organizacion_id;provincia_id
756;06
866;06
887;82
907;18
1558;38
1578;22
1736;78
1899;06
3988;22
4650;22
4813;22
5757;22
5953;14
6568;58
6579;06
6788;90
6790;22
7378;82
7882;90
8256;82
8475;46
8537;90
8575;82
8576;82
8584;82
8664;82
8665;82
8666;82
8667;82
8668;82
8669;82
8670;82
8679;82
8680;82
8706;30
8744;38
8747;50
8754;62
8803;38
8804;58
8819;50
8956;14
8977;38
9173;38
9209;82
9213;58
9453;70
9622;90
9623;90
9624;62
9788;38
10040;30
10041;30
15611;22
15614;66
15724;22
15818;22
15839;50
15860;22
15902;22
15911;22
15912;22
15913;22
15958;22
16055;38
16150;38
16165;22
16190;22
52;06
92;06
1607;06
7132;06
10513;06
11160;06
11162;06
11163;06
11164;06
11165;06
11166;06
11167;06
11168;06
11169;06
11170;06
11171;06
11172;06
11173;06
12172;06
12651;06
12932;06
13451;06
13524;06
13780;06
14418;06
14685;06
15023;06
12080;06
14704;06
14987;06
16004;06
16014;06
16844;06
17227;06
18702;06
18832;06
12996;06
16589;06
18703;06
12485;06
16742;06
19807;06
11901;06
12503;06
16963;06
16568;06
576;06
4681;06
4682;06
5456;06
8442;06
9246;06
9247;06
9248;06
9249;06
9250;06
9251;06
9252;06
9253;06
9254;06
9922;06
9960;06
9961;06
10356;06
12164;06
12522;06
12554;06
12821;06
12931;06
13195;06
13246;06
13407;06
13443;06
14344;06
14457;06
14696;06
14706;06
15970;06
16035;06
16099;06
16132;06
16297;06
16306;06
16567;06
16807;06
16960;06
17570;06
17636;06
18081;06
18489;06
18490;06
18835;06
11680;06
13201;06
13389;06
13496;06
14121;06
16692;06
11859;06
12149;06
12627;06
12674;06
12762;06
13986;06
16962;06
17144;06
11805;06
19237;06
12605;06
13152;06
879;06
11139;06
11140;06
11537;06
12002;06
12032;06
12191;06
12947;06
13452;06
14634;06
14975;06
17608;06
17633;06
17634;06
17751;06
17958;06
18683;06
13885;06
14951;06
14983;06
16829;06
12229;06
10944;06
11833;06
11877;06
11997;06
12707;06
12767;06
13386;06
13615;06
14176;06
14333;06
14566;06
12196;06
17127;06
11959;06
1129;06
3920;06
4954;06
8453;06
8749;06
9488;06
9804;06
9863;06
9864;06
9865;06
10343;06
10357;06
11619;06
11769;06
11866;06
12525;06
13481;06
14837;06
14974;06
15278;06
15285;06
16010;06
16704;06
17344;06
17967;06
17976;06
18323;06
18686;06
18687;06
18688;06
18718;06
18837;06
19081;06
19352;06
10609;06
11688;06
11792;06
11953;06
12009;06
12415;06
12489;06
12613;06
15135;06
16802;06
16820;06
19116;06
11473;06
11648;06
12551;06
12654;06
13901;06
14491;06
14948;06
15092;06
19835;06
15161;06
1900;06
2309;06
3699;06
3700;06
3990;06
4594;06
4694;06
5419;06
5719;06
5797;06
5816;06
5830;06
6412;06
6652;06
6980;06
7964;06
9486;06
10526;06
10938;06
11574;06
12124;06
12397;06
12927;06
12992;06
13207;06
13348;06
13351;06
14375;06
14379;06
14859;06
15366;06
15367;06
15368;06
15369;06
15370;06
15371;06
15572;06
15574;06
15575;06
15576;06
15577;06
15578;06
15579;06
15580;06
15581;06
15584;06
15585;06
15586;06
15587;06
15588;06
15590;06
15608;06
15609;06
16622;06
16857;06
5110;06
11194;06
11963;06
12532;06
12577;06
12867;06
13170;06
13550;06
14361;06
14864;06
15416;06
18957;06
18958;06
18959;06
18960;06
18961;06
18962;06
18963;06
1780;06
7611;06
11535;06
12202;06
15013;06
11472;06
11869;06
12058;06
13263;06
19159;06
1631;06
2318;06
5943;06
10665;06
11376;06
13104;06
14897;06
11549;06
13591;06
18428;06
395;06
396;06
397;06
4555;06
4952;06
8470;06
9885;06
10137;06
10213;06
10846;06
12201;06
12369;06
12370;06
12664;06
12785;06
13296;06
14066;06
14207;06
14986;06
15233;06
15355;06
15356;06
15357;06
15358;06
15359;06
15360;06
17783;06
18330;06
18735;06
18939;06
18968;06
18972;06
12225;06
12855;06
12906;06
13318;06
14331;06
14380;06
16813;06
18240;06
16484;06
16485;06
17869;06
11454;06
12132;06
12667;06
13021;06
14408;06
14963;06
16828;06
9666;06
9667;06
9879;06
11527;06
11577;06
11743;06
11979;06
12782;06
12890;06
13002;06
13140;06
13528;06
13992;06
14224;06
14448;06
14534;06
14682;06
18120;06
1728;06
2312;06
5696;06
6565;06
7647;06
9193;06
9460;06
9878;06
11458;06
11511;06
11678;06
12210;06
12338;06
12559;06
12580;06
12937;06
13479;06
14477;06
15333;06
16033;06
16288;06
16554;06
16555;06
16556;06
17882;06
18124;06
18125;06
18126;06
19100;06
19484;06
19852;06
12256;06
12376;06
12778;06
13709;06
13968;06
14979;06
17409;06
18499;06
11841;06
17673;06
19010;06
11749;06
11826;06
11922;06
12154;06
12560;06
13142;06
14867;06
16659;06
18010;06
17916;06
19026;06
18922;06
19111;06
12746;06
14884;06
14074;06
9353;06
9354;06
9355;06
9356;06
9357;06
9358;06
9359;06
9360;06
9361;06
9362;06
9363;06
9364;06
9365;06
9366;06
9367;06
9368;06
9369;06
15228;06
15374;06
5009;06
17975;06
18220;06
18945;06
19206;06
19247;06
19507;06
11764;06
14553;06
19495;06
19566;06
8069;06
8070;06
8071;06
8838;06
9912;06
11518;06
11765;06
11860;06
12014;06
12988;06
14429;06
15005;06
15076;06
16061;06
16855;06
16859;06
17041;06
17042;06
17688;06
17864;06
17865;06
18017;06
18018;06
19469;06
19470;06
19513;06
19514;06
12668;06
18841;06
12117;06
17759;06
697;06
698;06
1642;06
1848;06
4520;06
4601;06
5515;06
6437;06
6869;06
6871;06
6872;06
8698;06
8789;06
8790;06
10108;06
11186;06
11187;06
11190;06
11368;06
11373;06
11374;06
11375;06
12026;06
13492;06
14005;06
14546;06
15105;06
15979;06
16544;06
16563;06
16750;06
16798;06
16883;06
17352;06
17689;06
17987;06
18367;06
18368;06
18369;06
18370;06
18371;06
18372;06
19056;06
19838;06
1084;06
1345;06
1364;06
1762;06
1951;06
6240;06
14447;06
17147;06
19055;06
16874;06
16875;06
17085;06
17846;06
1329;06
7100;06
9783;06
10001;06
11290;06
11855;06
11958;06
12807;06
13022;06
13531;06
14248;06
14638;06
14857;06
14889;06
16548;06
16702;06
16884;06
18211;06
19049;06
10537;06
18122;06
18123;06
18203;06
19409;06
85;06
86;06
87;06
88;06
89;06
1793;06
1909;06
2066;06
2067;06
3312;06
3641;06
4096;06
5057;06
5070;06
5361;06
5362;06
5793;06
7064;06
7618;06
7619;06
7902;06
8794;06
10906;06
10964;06
10965;06
11747;06
12227;06
12486;06
12579;06
13141;06
14378;06
14959;06
15589;06
15711;06
16020;06
16021;06
16126;06
16136;06
16140;06
16152;06
16153;06
16154;06
17142;06
18077;06
19012;06
19013;06
19014;06
19015;06
19016;06
19017;06
19020;06
19022;06
19024;06
19059;06
19226;06
14881;06
49;06
3728;06
3933;06
11917;06
12769;06
14118;06
15883;06
16130;06
19063;06
2339;06
3306;06
3385;06
5277;06
9268;06
9269;06
9344;06
10060;06
10986;06
10987;06
10988;06
10989;06
10990;06
10991;06
10992;06
10993;06
10994;06
10995;06
10996;06
10997;06
10998;06
10999;06
11000;06
11001;06
11002;06
11003;06
11004;06
11005;06
11006;06
11007;06
11008;06
11009;06
11010;06
11011;06
11012;06
11013;06
11014;06
11015;06
11016;06
11017;06
11018;06
11019;06
11020;06
11021;06
11022;06
11023;06
11024;06
11025;06
11026;06
11027;06
11028;06
11029;06
11030;06
11031;06
11032;06
11033;06
11034;06
11035;06
11036;06
11037;06
11038;06
11039;06
11040;06
11041;06
11042;06
11043;06
11044;06
11045;06
11046;06
11047;06
11048;06
11049;06
11050;06
11051;06
11052;06
11053;06
11054;06
11055;06
11056;06
11057;06
11058;06
11059;06
11060;06
11061;06
11062;06
11063;06
11064;06
11065;06
11478;06
11628;06
11809;06
12552;06
13736;06
14288;06
14453;06
14518;06
14718;06
14930;06
15038;06
15193;06
16299;06
17145;06
17898;06
17980;06
19102;06
19127;06
19840;06
19842;06
11578;06
12027;06
13350;06
13522;06
14507;06
19560;06
1796;06
1803;06
6067;06
8429;06
8939;06
8940;06
8981;06
10214;06
10215;06
10575;06
10576;06
12137;06
12905;06
13100;06
14008;06
14699;06
14868;06
14967;06
15116;06
16003;06
16009;06
16011;06
16012;06
16013;06
16244;06
16623;06
16890;06
16891;06
17031;06
17068;06
17885;06
17989;06
18833;06
18836;06
1654;06
1655;06
1656;06
1765;06
1795;06
1801;06
1802;06
1820;06
1943;06
2065;06
2322;06
3433;06
3471;06
3472;06
3473;06
3474;06
3684;06
3685;06
3712;06
3919;06
4003;06
4019;06
4553;06
4568;06
4936;06
5085;06
5138;06
5139;06
5716;06
6091;06
6482;06
6517;06
6825;06
7883;06
8143;06
8258;06
8408;06
8415;06
8416;06
8417;06
8441;06
8539;06
8748;06
8767;06
8768;06
8820;06
8826;06
8903;06
9480;06
9567;06
9704;06
9705;06
10167;06
10303;06
11099;06
11136;06
11360;06
11542;06
11808;06
12353;06
13513;06
13733;06
13768;06
14002;06
14209;06
15211;06
15223;06
15365;06
15381;06
15391;06
15637;06
15661;06
15756;06
16320;06
16668;06
17077;06
17965;06
18181;06
18182;06
18183;06
18312;06
18340;06
18867;06
11803;06
16964;06
18920;06
18700;06
1742;06
2083;06
2299;06
3224;06
3906;06
4791;06
6636;06
6718;06
6922;06
7029;06
8218;06
9557;06
10334;06
11622;06
13599;06
14305;06
14400;06
16235;06
16761;06
17950;06
18119;06
19385;06
19785;06
5844;06
5845;06
5846;06
8217;06
11632;06
11667;06
11982;06
12269;06
12631;06
13056;06
13417;06
13514;06
13592;06
13716;06
13872;06
14489;06
18973;06
869;06
9431;06
11429;06
11610;06
11634;06
11965;06
12010;06
13089;06
13180;06
13343;06
15688;06
17741;06
18925;06
19250;06
8075;06
12713;06
12760;06
13148;06
13313;06
13404;06
13430;06
13570;06
13779;06
14003;06
14246;06
14280;06
14423;06
15030;06
15192;06
15219;06
16604;06
17622;06
17702;06
17786;06
17902;06
17913;06
18720;06
12157;06
13184;06
14100;06
14849;06
14961;06
18508;06
11434;06
11463;06
12209;06
11730;06
12134;06
11301;06
11557;06
11812;06
11825;06
12408;06
12838;06
13010;06
13432;06
14134;06
14454;06
15010;06
15197;06
18737;06
12031;06
12049;06
12068;06
13260;06
13469;06
13853;06
14519;06
18131;06
581;06
3567;06
5524;06
5525;06
11802;06
13666;06
18786;06
18928;06
11789;06
12141;06
12340;06
12478;06
12678;06
12776;06
12967;06
13593;06
13685;06
13833;06
15229;06
12005;06
12020;06
12205;06
12698;06
13447;06
13822;06
14479;06
14866;06
16827;06
11822;06
15115;06
17638;06
18923;06
3958;06
3959;06
6052;06
6053;06
7706;06
7707;06
8983;06
9043;06
11492;06
11554;06
11775;06
11842;06
11883;06
11980;06
12048;06
12254;06
12475;06
12480;06
12618;06
12946;06
13388;06
13509;06
13649;06
13653;06
13757;06
14713;06
16233;06
16253;06
17184;06
17381;06
11637;06
11704;06
12314;06
12444;06
12965;06
13135;06
13725;06
14172;06
14515;06
16990;06
18383;06
3957;06
9893;06
9894;06
11910;06
18105;06
14292;06
15909;06
12194;06
11456;06
17128;06
14234;06
19039;06
13156;06
14977;06
12056;06
12303;06
12391;06
12791;06
13129;06
13259;06
13507;06
13565;06
13603;06
14084;06
14332;06
14367;06
14372;06
14612;06
48;06
4755;06
4756;06
8935;06
8936;06
11576;06
11754;06
12239;06
12787;06
13352;06
13567;06
13846;06
13927;06
14526;06
15036;06
17258;06
18145;06
19368;06
41;06
882;06
883;06
884;06
885;06
4873;06
8421;06
8484;06
11571;06
11593;06
11924;06
12327;06
12401;06
12409;06
12708;06
13229;06
13326;06
13532;06
13668;06
13837;06
14107;06
14179;06
14278;06
14419;06
14483;06
14551;06
14926;06
16647;06
18808;06
11590;06
11615;06
11889;06
12185;06
12195;06
12243;06
12389;06
13098;06
13219;06
13589;06
13695;06
14334;06
14381;06
16730;06
17386;06
17740;06
18080;06
11740;06
11788;06
11975;06
12053;06
12163;06
12215;06
12737;06
12772;06
13231;06
14286;06
14937;06
15037;06
15188;06
17257;06
17771;06
17945;06
10534;06
11694;06
11830;06
11952;06
12016;06
12077;06
12105;06
12169;06
12244;06
12271;06
12457;06
12561;06
12659;06
12718;06
12749;06
12765;06
12820;06
12942;06
13468;06
13845;06
13917;06
14049;06
14198;06
14315;06
14504;06
14572;06
14614;06
14666;06
14688;06
14716;06
14861;06
14952;06
14985;06
15088;06
16606;06
16708;06
17387;06
19064;06
19591;06
4872;06
12417;06
12432;06
13956;06
14863;06
15056;06
15000;06
1726;06
1730;06
1760;06
1831;06
2310;06
3532;06
3533;06
3733;06
4794;06
5210;06
5352;06
6857;06
7893;06
8241;06
8463;06
9489;06
10205;06
11309;06
11340;06
13237;06
16067;06
18541;06
19445;06
11916;06
14871;06
14925;06
15069;06
16607;06
11157;06
16672;06
17671;06
17813;06
16753;06
16972;06
53;06
54;06
1183;06
1767;06
1966;06
4588;06
4698;06
10314;06
12860;06
12970;06
13637;06
14355;06
15190;06
16666;06
17239;06
17240;06
18478;06
19031;06
19040;06
19069;06
19444;06
15886;06
17878;06
19122;06
18108;06
12336;06
13941;06
5530;06
9337;06
9338;06
9339;06
9340;06
9341;06
9342;06
9343;06
9345;06
10731;06
10732;06
10769;06
12546;06
12607;06
15014;06
18013;06
18782;06
18783;06
19110;06
13987;06
16371;06
15907;06
16380;06
223;06
3818;06
4690;06
4691;06
4692;06
5440;06
10029;06
10038;06
10039;06
11359;06
11401;06
13209;06
13554;06
14617;06
16286;06
16390;06
17823;06
42;06
527;06
528;06
529;06
530;06
531;06
532;06
533;06
534;06
535;06
536;06
537;06
538;06
539;06
540;06
541;06
542;06
543;06
544;06
545;06
546;06
547;06
548;06
549;06
577;06
602;06
603;06
870;06
919;06
920;06
921;06
922;06
1011;06
1012;06
1026;06
1047;06
1141;06
1142;06
1174;06
1175;06
1184;06
1201;06
1202;06
1203;06
1204;06
1211;06
1278;06
1279;06
1280;06
1313;06
1314;06
1344;06
1355;06
1423;06
1424;06
1435;06
1445;06
1454;06
1556;06
1580;06
1588;06
1589;06
1610;06
1611;06
1678;06
1800;06
1822;06
1823;06
1856;06
1878;06
1882;06
1912;06
1922;06
2334;06
3334;06
3425;06
3444;06
3461;06
3486;06
3530;06
3548;06
3557;06
3571;06
4561;06
4573;06
4574;06
4575;06
4736;06
4845;06
4869;06
4937;06
4938;06
4939;06
4964;06
4985;06
4987;06
4992;06
4995;06
5158;06
5162;06
5164;06
5184;06
5214;06
5514;06
5528;06
5651;06
5742;06
5749;06
5754;06
5799;06
5843;06
5935;06
5997;06
6016;06
6151;06
6152;06
6153;06
6155;06
6156;06
6157;06
6211;06
6255;06
6509;06
6566;06
6606;06
6860;06
7102;06
7540;06
7608;06
7747;06
7841;06
7842;06
7861;06
7862;06
8061;06
8072;06
8130;06
8132;06
8284;06
8841;06
8876;06
8877;06
8899;06
8901;06
8904;06
8905;06
8906;06
8921;06
9417;06
9568;06
9684;06
9729;06
9730;06
9957;06
9970;06
9979;06
9985;06
10087;06
10349;06
10381;06
10410;06
10429;06
10635;06
10695;06
10932;06
10933;06
10934;06
10940;06
10941;06
10942;06
10969;06
10970;06
11148;06
11174;06
12384;06
12544;06
12589;06
12870;06
13086;06
13584;06
13752;06
13778;06
13781;06
13985;06
14452;06
14461;06
15086;06
15112;06
15889;06
16180;06
16289;06
16304;06
16368;06
16561;06
16564;06
16580;06
16718;06
16803;06
17106;06
17222;06
17571;06
17840;06
18068;06
18197;06
18404;06
18524;06
19328;06
19329;06
19330;06
19354;06
19378;06
19525;06
8937;06
8950;06
82;06
400;06
1154;06
1488;06
1590;06
1844;06
1854;06
1931;06
3392;06
3437;06
3631;06
3978;06
4515;06
4516;06
4523;06
4632;06
4810;06
5076;06
5077;06
5769;06
5774;06
5775;06
10896;06
11442;06
15085;06
15409;06
15410;06
16311;06
16353;06
16363;06
17841;06
18019;06
18027;06
18816;06
19318;06
16349;06
11782;06
12099;06
12268;06
12290;06
12291;06
12494;06
12666;06
13238;06
13578;06
14456;06
14471;06
15623;06
19288;06
11573;06
13344;06
16346;06
16342;06
1824;06
3663;06
4170;06
6531;06
7868;06
7869;06
13748;06
13962;06
14125;06
14126;06
15009;06
15084;06
17261;06
18072;06
19538;06
11437;06
12555;06
13732;06
12949;06
16364;06
19425;06
16375;06
17012;06
18171;06
14513;06
16372;06
12669;06
13544;06
13684;06
14119;06
16352;06
2084;06
5317;06
8996;06
10905;06
11199;06
16199;06
16391;06
11586;06
12358;06
13643;06
13887;06
14887;06
16345;06
16635;06
17091;06
16395;06
369;06
4505;06
6593;06
9207;06
10687;06
11227;06
13689;06
14445;06
14825;06
15025;06
15890;06
17700;06
16312;06
16313;06
18674;06
16388;06
16389;06
19833;06
16354;06
12095;06
18672;06
13383;06
14984;06
16392;06
17110;06
17111;06
60;06
97;06
398;06
399;06
401;06
402;06
403;06
404;06
405;06
406;06
407;06
408;06
409;06
410;06
411;06
412;06
413;06
414;06
415;06
416;06
640;06
905;06
1000;06
1001;06
1002;06
1030;06
1046;06
1122;06
1131;06
1167;06
1241;06
1392;06
1430;06
1431;06
1457;06
1500;06
1548;06
1608;06
1639;06
1873;06
1874;06
1920;06
1936;06
2071;06
2072;06
2073;06
2320;06
3223;06
3303;06
3304;06
3404;06
3457;06
3458;06
3493;06
3494;06
3517;06
3518;06
3519;06
3546;06
3547;06
3558;06
3590;06
3730;06
3731;06
3732;06
3740;06
3748;06
3751;06
3760;06
3787;06
3788;06
3805;06
3806;06
3807;06
3808;06
3819;06
3820;06
3830;06
3956;06
3979;06
3980;06
3981;06
4020;06
4021;06
4026;06
4027;06
4041;06
4069;06
4101;06
4102;06
4524;06
4527;06
4547;06
4550;06
4551;06
4633;06
4653;06
4678;06
4732;06
4777;06
4965;06
4966;06
4977;06
5018;06
5030;06
5045;06
5047;06
5048;06
5083;06
5145;06
5231;06
5238;06
5303;06
5304;06
5305;06
5321;06
5328;06
5353;06
5389;06
5406;06
5407;06
5416;06
5439;06
5505;06
5506;06
5579;06
5620;06
5715;06
5743;06
5746;06
5750;06
5752;06
5772;06
5782;06
5818;06
5821;06
5822;06
5863;06
5866;06
5895;06
5940;06
5952;06
5995;06
5996;06
6291;06
6292;06
6432;06
6515;06
6640;06
6651;06
7107;06
7161;06
7306;06
7325;06
7353;06
7354;06
7395;06
7543;06
7649;06
7654;06
7660;06
7753;06
7999;06
8009;06
8022;06
8054;06
8164;06
8230;06
8244;06
8332;06
8334;06
8409;06
8830;06
9289;06
9424;06
9571;06
9572;06
9573;06
9574;06
9575;06
9603;06
9604;06
9643;06
9776;06
9953;06
9954;06
9968;06
10100;06
10231;06
10232;06
10354;06
10384;06
10590;06
10604;06
10624;06
10666;06
10673;06
10713;06
10715;06
10717;06
11126;06
11207;06
11407;06
11410;06
11483;06
11522;06
11617;06
11640;06
11654;06
11831;06
11949;06
11962;06
12081;06
12112;06
12193;06
12197;06
12207;06
12240;06
12362;06
12388;06
12392;06
12557;06
12595;06
12612;06
12619;06
12665;06
12727;06
12731;06
12786;06
12852;06
12866;06
12984;06
13000;06
13005;06
13213;06
13239;06
13305;06
13349;06
13379;06
13384;06
13433;06
13633;06
13638;06
13699;06
13786;06
13804;06
13834;06
13875;06
13947;06
13993;06
14038;06
14086;06
14140;06
14147;06
14188;06
14363;06
14394;06
14621;06
14850;06
14905;06
15046;06
15054;06
15087;06
15508;06
15564;06
15597;06
15616;06
15638;06
15665;06
15689;06
15752;06
15983;06
16023;06
16068;06
16069;06
16179;06
16215;06
16220;06
16221;06
16305;06
16307;06
16314;06
16361;06
16549;06
16629;06
16694;06
17092;06
17093;06
17131;06
17235;06
17299;06
17360;06
17362;06
17410;06
17653;06
17690;06
17828;06
18102;06
18138;06
18147;06
18322;06
18657;06
19051;06
19066;06
19067;06
19068;06
19076;06
19107;06
19137;06
19401;06
19839;06
17770;06
18540;06
19065;06
11928;06
14578;06
15183;06
18507;06
19105;06
10894;06
16330;06
17680;06
17681;06
16359;06
5702;06
7131;06
9336;06
9898;06
9899;06
9900;06
9901;06
9902;06
9903;06
11948;06
11991;06
12125;06
12187;06
12603;06
12919;06
13205;06
13586;06
13997;06
14510;06
15533;06
15624;06
15831;06
15832;06
15943;06
16347;06
17772;06
17876;06
18894;06
19379;06
8;06
339;06
340;06
342;06
343;06
344;06
345;06
346;06
347;06
348;06
349;06
350;06
351;06
352;06
353;06
354;06
355;06
356;06
357;06
358;06
359;06
360;06
361;06
362;06
363;06
364;06
365;06
366;06
367;06
368;06
370;06
371;06
372;06
373;06
374;06
375;06
376;06
377;06
378;06
379;06
380;06
381;06
382;06
383;06
583;06
588;06
604;06
635;06
636;06
637;06
638;06
639;06
680;06
681;06
682;06
867;06
874;06
875;06
877;06
878;06
880;06
881;06
895;06
896;06
897;06
898;06
899;06
900;06
901;06
902;06
903;06
904;06
960;06
962;06
990;06
991;06
992;06
994;06
995;06
996;06
997;06
998;06
1048;06
1049;06
1052;06
1055;06
1056;06
1057;06
1060;06
1061;06
1066;06
1068;06
1076;06
1078;06
1079;06
1080;06
1081;06
1087;06
1094;06
1095;06
1107;06
1108;06
1109;06
1110;06
1125;06
1136;06
1139;06
1146;06
1147;06
1168;06
1171;06
1180;06
1186;06
1187;06
1195;06
1208;06
1234;06
1237;06
1244;06
1258;06
1281;06
1287;06
1291;06
1323;06
1358;06
1363;06
1380;06
1404;06
1453;06
1455;06
1480;06
1531;06
1553;06
1560;06
1561;06
1574;06
1575;06
1621;06
1622;06
1626;06
1645;06
1650;06
1651;06
1661;06
1668;06
1670;06
1673;06
1696;06
1712;06
1718;06
1794;06
1835;06
1860;06
1861;06
1871;06
1872;06
1887;06
1889;06
1901;06
1904;06
1908;06
1935;06
1948;06
1958;06
1971;06
1974;06
1979;06
2004;06
2008;06
2009;06
2012;06
2013;06
2022;06
2029;06
2092;06
2093;06
2094;06
2107;06
2108;06
2316;06
3228;06
3384;06
3401;06
3411;06
3412;06
3416;06
3417;06
3445;06
3464;06
3488;06
3529;06
3542;06
3584;06
3587;06
3591;06
3593;06
3594;06
3595;06
3596;06
3597;06
3598;06
3601;06
3602;06
3625;06
3648;06
3661;06
3667;06
3701;06
3753;06
3754;06
3758;06
3826;06
3833;06
3867;06
3872;06
3873;06
3886;06
3912;06
3947;06
3954;06
3955;06
3960;06
3964;06
4070;06
4076;06
4078;06
4079;06
4119;06
4120;06
4125;06
4126;06
4156;06
4289;06
4341;06
4400;06
4501;06
4502;06
4503;06
4504;06
4506;06
4508;06
4521;06
4536;06
4539;06
4564;06
4565;06
4566;06
4567;06
4603;06
4604;06
4634;06
4643;06
4644;06
4702;06
4709;06
4737;06
4753;06
4785;06
4786;06
4792;06
4876;06
4901;06
4910;06
4912;06
4920;06
4921;06
4953;06
4961;06
4962;06
4971;06
4980;06
4983;06
4989;06
4998;06
5081;06
5082;06
5088;06
5101;06
5127;06
5199;06
5226;06
5227;06
5235;06
5273;06
5310;06
5325;06
5331;06
5338;06
5339;06
5340;06
5341;06
5394;06
5404;06
5410;06
5414;06
5441;06
5487;06
5526;06
5559;06
5560;06
5564;06
5565;06
5566;06
5569;06
5633;06
5717;06
5718;06
5725;06
5726;06
5770;06
5800;06
5884;06
5892;06
5897;06
5903;06
5914;06
5918;06
5921;06
5927;06
5928;06
5929;06
5945;06
5963;06
6001;06
6033;06
6034;06
6055;06
6056;06
6081;06
6146;06
6165;06
6166;06
6167;06
6168;06
6169;06
6170;06
6171;06
6209;06
6210;06
6212;06
6234;06
6366;06
6367;06
6370;06
6395;06
6396;06
6491;06
6498;06
6543;06
6557;06
6562;06
6572;06
6615;06
6638;06
6658;06
6659;06
6660;06
6713;06
6714;06
6726;06
6727;06
6744;06
6745;06
6777;06
6807;06
6821;06
6831;06
6974;06
6975;06
6976;06
6978;06
6979;06
7033;06
7034;06
7035;06
7081;06
7085;06
7197;06
7429;06
7430;06
7448;06
7457;06
7471;06
7528;06
7542;06
7556;06
7557;06
7598;06
7638;06
7650;06
7659;06
7679;06
7680;06
7721;06
7722;06
7742;06
7848;06
7880;06
7892;06
8027;06
8062;06
8082;06
8090;06
8122;06
8168;06
8173;06
8174;06
8195;06
8235;06
8239;06
8278;06
8321;06
8760;06
8763;06
8792;06
8793;06
8954;06
8957;06
8958;06
8959;06
8960;06
8961;06
8962;06
8963;06
8964;06
9007;06
9010;06
9014;06
9015;06
9016;06
9017;06
9147;06
9206;06
9239;06
9370;06
9371;06
9372;06
9373;06
9374;06
9375;06
9376;06
9400;06
9401;06
9402;06
9403;06
9404;06
9413;06
9433;06
9435;06
9436;06
9437;06
9438;06
9439;06
9440;06
9444;06
9445;06
9446;06
9447;06
9448;06
9449;06
9450;06
9506;06
9570;06
9626;06
9657;06
9701;06
9716;06
9740;06
9797;06
9932;06
9962;06
10031;06
10071;06
10174;06
10315;06
10345;06
10360;06
10365;06
10366;06
10368;06
10369;06
10370;06
10371;06
10372;06
10383;06
10405;06
10599;06
10611;06
10692;06
10709;06
10710;06
10753;06
10754;06
10844;06
10845;06
10866;06
10870;06
10871;06
11079;06
11082;06
11125;06
11250;06
11296;06
11346;06
11354;06
11372;06
11486;06
11497;06
11536;06
11600;06
11649;06
11682;06
11738;06
11852;06
11898;06
12170;06
12587;06
12658;06
12699;06
12865;06
12873;06
12908;06
13085;06
13139;06
13162;06
13233;06
13297;06
13371;06
13401;06
13559;06
13588;06
13692;06
13741;06
13806;06
13920;06
13942;06
13946;06
13951;06
14004;06
14055;06
14059;06
14197;06
14204;06
14282;06
14525;06
14653;06
15021;06
15215;06
15220;06
15400;06
15415;06
15488;06
15659;06
15676;06
15693;06
15771;06
15807;06
15908;06
15988;06
16000;06
16006;06
16007;06
16078;06
16098;06
16103;06
16105;06
16123;06
16225;06
16238;06
16240;06
16249;06
16251;06
16255;06
16269;06
16277;06
16279;06
16290;06
16302;06
16321;06
16325;06
16477;06
16481;06
16652;06
16739;06
16789;06
16872;06
16876;06
16877;06
16895;06
16899;06
16950;06
16951;06
16967;06
16996;06
17001;06
17013;06
17078;06
17084;06
17126;06
17296;06
17335;06
17388;06
17569;06
17593;06
17601;06
17784;06
17788;06
17826;06
17906;06
17949;06
17971;06
17972;06
18002;06
18337;06
18386;06
18392;06
18402;06
18403;06
18410;06
18431;06
18526;06
18694;06
18723;06
18777;06
18879;06
18880;06
18917;06
18974;06
19019;06
19023;06
19025;06
19046;06
19119;06
19120;06
19213;06
19305;06
19306;06
19349;06
19350;06
19351;06
19389;06
19429;06
19483;06
19497;06
19570;06
19780;06
19820;06
11821;06
12871;06
12922;06
13771;06
12143;06
14216;06
742;06
876;06
1683;06
1694;06
3229;06
3350;06
4028;06
7478;06
7527;06
8931;06
9618;06
10693;06
10694;06
14391;06
16294;06
17618;06
17620;06
17670;06
18878;06
14253;06
3469;06
3470;06
4509;06
10601;06
12078;06
12257;06
14160;06
14371;06
16293;06
5071;06
10675;06
13328;06
16360;06
15942;06
16384;06
15099;06
12994;06
15048;06
15119;06
16332;06
12298;06
16355;06
18675;06
13376;06
16348;06
586;06
1216;06
1229;06
1230;06
1573;06
2319;06
3360;06
3361;06
3564;06
3741;06
3761;06
4616;06
4631;06
4743;06
4898;06
5178;06
5590;06
5937;06
5938;06
6587;06
6846;06
6854;06
7422;06
7423;06
7424;06
7645;06
7887;06
8228;06
8832;06
9211;06
9640;06
9737;06
10051;06
10211;06
10428;06
10882;06
11310;06
12104;06
14705;06
15361;06
15362;06
15363;06
16063;06
16066;06
16079;06
16309;06
17114;06
17339;06
18970;06
19156;06
16394;06
16393;06
18669;06
12948;06
13057;06
13216;06
13393;06
13434;06
13499;06
14717;06
16350;06
16536;06
16537;06
16542;06
18698;06
18699;06
2336;06
2337;06
2338;06
5318;06
7930;06
14993;06
16356;06
16834;06
5236;06
5237;06
12543;06
12928;06
13083;06
13437;06
14590;06
14672;06
15573;06
16341;06
16759;06
225;06
1031;06
1733;06
1890;06
3627;06
3683;06
3887;06
3888;06
4665;06
4704;06
5075;06
5128;06
5180;06
5181;06
5981;06
7305;06
8039;06
8040;06
8425;06
9765;06
9766;06
9768;06
9895;06
10443;06
11069;06
11229;06
11790;06
12098;06
14174;06
14838;06
16204;06
16205;06
16206;06
16303;06
16310;06
16357;06
17170;06
6147;06
16378;06
19386;06
19391;06
19394;06
19395;06
19452;06
16331;06
79;06
1591;06
3345;06
9166;06
9566;06
10186;06
10574;06
11496;06
13278;06
13298;06
13904;06
14051;06
14261;06
15710;06
16300;06
16715;06
16720;06
17214;06
17310;06
17711;06
19236;06
81;06
16374;06
10900;06
16385;06
14991;06
12694;06
16343;06
11954;06
14958;06
15395;06
16370;06
11969;06
16396;06
18900;06
14468;06
11582;06
12962;06
11362;06
16351;06
16620;06
16365;06
18676;06
9835;06
16335;06
16476;06
16486;06
221;06
222;06
224;06
226;06
227;06
228;06
229;06
230;06
1063;06
1070;06
1103;06
1130;06
1181;06
1426;06
1782;06
1815;06
1879;06
1892;06
2047;06
2330;06
3383;06
3680;06
3697;06
3709;06
3766;06
3768;06
3802;06
3803;06
3845;06
3846;06
3851;06
3852;06
3861;06
4144;06
4145;06
4663;06
4716;06
4717;06
4861;06
4862;06
4902;06
4903;06
4904;06
4905;06
4906;06
4907;06
4984;06
5188;06
5312;06
5356;06
5357;06
5358;06
5386;06
5700;06
5745;06
6302;06
6585;06
6706;06
6719;06
6801;06
7549;06
7847;06
7897;06
8387;06
8418;06
8420;06
8816;06
8836;06
8982;06
9136;06
9504;06
9593;06
9594;06
9595;06
9596;06
9597;06
9653;06
9656;06
9693;06
9699;06
9700;06
9744;06
9745;06
9764;06
10153;06
10642;06
10708;06
11236;06
11865;06
12646;06
12881;06
13054;06
13091;06
13211;06
13411;06
13489;06
13704;06
13991;06
14062;06
14420;06
14540;06
14698;06
14709;06
15071;06
15683;06
16139;06
16358;06
16736;06
17827;06
17874;06
18190;06
18191;06
18202;06
18684;06
18898;06
18899;06
18938;06
19734;06
19789;06
19829;06
16373;06
9178;06
9179;06
10530;06
10531;06
13470;06
16333;06
17978;06
18336;06
11090;06
11098;06
14298;06
8243;06
16339;06
83;06
16377;06
16379;06
13436;06
16336;06
219;10
220;10
1102;10
1627;10
1897;10
2304;10
3340;10
3341;10
3664;10
5042;10
5788;10
7414;10
7415;10
7416;10
8107;10
8108;10
8192;10
8328;10
8923;10
9228;10
9229;10
9230;10
9231;10
9379;10
9380;10
9752;10
9866;10
9867;10
10054;10
10816;10
10842;10
11364;10
11366;10
12356;10
14088;10
14556;10
15261;10
15393;10
15610;10
15808;10
15844;10
15963;10
16024;10
16124;10
16185;10
16593;10
16965;10
16969;10
16971;10
17028;10
17121;10
17124;10
17125;10
17254;10
17255;10
17402;10
17403;10
17778;10
17838;10
17860;10
17951;10
18417;10
18458;10
18459;10
18506;10
18748;10
18749;10
18845;10
18856;10
19276;10
19278;10
19279;10
19286;10
19380;10
15864;10
16531;10
15922;14
9;14
21;14
247;14
248;14
249;14
250;14
251;14
252;14
253;14
254;14
255;14
256;14
257;14
258;14
259;14
260;14
261;14
262;14
263;14
264;14
265;14
266;14
267;14
268;14
269;14
270;14
271;14
272;14
273;14
274;14
275;14
276;14
277;14
278;14
279;14
280;14
281;14
282;14
283;14
284;14
285;14
286;14
287;14
288;14
289;14
290;14
291;14
292;14
294;14
295;14
296;14
579;14
580;14
641;14
642;14
643;14
671;14
672;14
673;14
674;14
675;14
676;14
677;14
872;14
926;14
927;14
928;14
929;14
930;14
951;14
981;14
982;14
983;14
984;14
985;14
986;14
987;14
1021;14
1071;14
1101;14
1104;14
1105;14
1150;14
1156;14
1159;14
1161;14
1169;14
1177;14
1192;14
1207;14
1213;14
1224;14
1276;14
1277;14
1320;14
1328;14
1336;14
1346;14
1347;14
1350;14
1352;14
1390;14
1405;14
1409;14
1425;14
1450;14
1458;14
1527;14
1528;14
1534;14
1583;14
1592;14
1623;14
1624;14
1649;14
1652;14
1653;14
1658;14
1671;14
1686;14
1723;14
1725;14
1743;14
1758;14
1787;14
1792;14
1819;14
1838;14
1862;14
1863;14
1886;14
1894;14
1898;14
1907;14
1925;14
1930;14
1962;14
1967;14
1968;14
2030;14
2053;14
2075;14
2080;14
2081;14
2096;14
2124;14
2127;14
2226;14
2305;14
3332;14
3333;14
3335;14
3336;14
3391;14
3414;14
3420;14
3436;14
3462;14
3475;14
3479;14
3480;14
3505;14
3520;14
3521;14
3522;14
3540;14
3541;14
3561;14
3568;14
3582;14
3583;14
3586;14
3624;14
3637;14
3673;14
3679;14
3691;14
3692;14
3738;14
3739;14
3759;14
3771;14
3774;14
3785;14
3809;14
3828;14
3832;14
3838;14
3864;14
3876;14
3910;14
3911;14
3931;14
3940;14
3951;14
3952;14
3953;14
3972;14
3974;14
3975;14
4013;14
4110;14
4111;14
4112;14
4176;14
4534;14
4552;14
4579;14
4580;14
4589;14
4597;14
4605;14
4664;14
4670;14
4701;14
4721;14
4735;14
4745;14
4757;14
4758;14
4759;14
4764;14
4768;14
4771;14
4773;14
4798;14
4799;14
4800;14
4805;14
4806;14
4807;14
4811;14
4812;14
4819;14
4829;14
4830;14
4843;14
4844;14
4846;14
4867;14
4913;14
4918;14
4919;14
4978;14
4979;14
5012;14
5023;14
5031;14
5033;14
5094;14
5095;14
5104;14
5105;14
5106;14
5119;14
5120;14
5152;14
5172;14
5189;14
5194;14
5195;14
5198;14
5223;14
5267;14
5351;14
5354;14
5395;14
5405;14
5415;14
5436;14
5455;14
5460;14
5479;14
5508;14
5509;14
5516;14
5517;14
5518;14
5519;14
5575;14
5576;14
5591;14
5663;14
5665;14
5741;14
5760;14
5761;14
5787;14
5792;14
5865;14
5872;14
5885;14
5920;14
5948;14
5954;14
5965;14
5977;14
6011;14
6051;14
6080;14
6092;14
6093;14
6130;14
6158;14
6159;14
6160;14
6162;14
6163;14
6164;14
6241;14
6295;14
6306;14
6310;14
6316;14
6339;14
6340;14
6404;14
6405;14
6406;14
6514;14
6535;14
6560;14
6561;14
6586;14
6616;14
6646;14
6654;14
6684;14
6725;14
6746;14
6747;14
6748;14
6798;14
6808;14
6820;14
6845;14
6856;14
6983;14
7089;14
7326;14
7327;14
7328;14
7332;14
7410;14
7425;14
7441;14
7455;14
7475;14
7476;14
7477;14
7521;14
7550;14
7731;14
7789;14
7859;14
7939;14
7955;14
8041;14
8059;14
8060;14
8064;14
8065;14
8099;14
8134;14
8142;14
8170;14
8220;14
8254;14
8277;14
8290;14
8291;14
8299;14
8335;14
8338;14
8339;14
8353;14
8379;14
8380;14
8390;14
8391;14
8396;14
8397;14
8398;14
8399;14
8400;14
8401;14
8419;14
8462;14
8466;14
8483;14
8487;14
8712;14
8734;14
8795;14
8924;14
8926;14
8930;14
8951;14
8965;14
8971;14
8972;14
8973;14
9039;14
9139;14
9377;14
9412;14
9421;14
9467;14
9472;14
9569;14
9633;14
9638;14
9646;14
9658;14
9706;14
9707;14
9725;14
9726;14
9727;14
9735;14
9746;14
9751;14
9847;14
9848;14
9849;14
9850;14
9851;14
9852;14
9853;14
9854;14
9855;14
9915;14
9946;14
9947;14
9949;14
9950;14
9952;14
9963;14
9980;14
10037;14
10052;14
10067;14
10088;14
10123;14
10124;14
10130;14
10131;14
10388;14
10390;14
10398;14
10399;14
10400;14
10411;14
10444;14
10498;14
10588;14
10605;14
10613;14
10656;14
10698;14
10712;14
10750;14
10757;14
10885;14
10886;14
11145;14
11146;14
11147;14
11180;14
11181;14
11182;14
11206;14
11213;14
11367;14
11396;14
11397;14
11420;14
11433;14
11487;14
11529;14
11575;14
11647;14
11655;14
11703;14
11706;14
11770;14
11786;14
11799;14
11804;14
11817;14
11839;14
11847;14
11851;14
11853;14
11861;14
11867;14
11919;14
11987;14
12011;14
12019;14
12036;14
12052;14
12069;14
12075;14
12100;14
12115;14
12118;14
12156;14
12159;14
12214;14
12226;14
12231;14
12248;14
12266;14
12275;14
12280;14
12284;14
12312;14
12316;14
12317;14
12325;14
12341;14
12344;14
12371;14
12375;14
12379;14
12390;14
12422;14
12431;14
12440;14
12510;14
12529;14
12535;14
12539;14
12602;14
12632;14
12638;14
12671;14
12675;14
12677;14
12715;14
12734;14
12742;14
12750;14
12756;14
12764;14
12768;14
12803;14
12809;14
12836;14
12842;14
12843;14
12877;14
12878;14
12880;14
12891;14
12897;14
12969;14
12982;14
12986;14
12990;14
13011;14
13019;14
13037;14
13038;14
13043;14
13062;14
13063;14
13065;14
13069;14
13074;14
13097;14
13111;14
13117;14
13137;14
13149;14
13172;14
13175;14
13178;14
13261;14
13280;14
13284;14
13288;14
13303;14
13338;14
13356;14
13362;14
13390;14
13402;14
13412;14
13420;14
13450;14
13458;14
13473;14
13478;14
13505;14
13545;14
13581;14
13596;14
13597;14
13600;14
13614;14
13659;14
13667;14
13700;14
13724;14
13745;14
13761;14
13772;14
13820;14
13839;14
13844;14
13851;14
13865;14
13889;14
13890;14
13905;14
13911;14
13945;14
13959;14
13965;14
13966;14
13988;14
13994;14
13999;14
14043;14
14095;14
14111;14
14137;14
14170;14
14177;14
14181;14
14226;14
14245;14
14281;14
14299;14
14312;14
14318;14
14330;14
14343;14
14364;14
14403;14
14406;14
14411;14
14431;14
14488;14
14520;14
14536;14
14543;14
14568;14
14573;14
14598;14
14610;14
14646;14
14665;14
14808;14
14809;14
14810;14
14814;14
14834;14
14842;14
14896;14
14902;14
14906;14
14936;14
14942;14
15022;14
15041;14
15062;14
15093;14
15094;14
15102;14
15106;14
15114;14
15117;14
15132;14
15141;14
15144;14
15147;14
15175;14
15179;14
15187;14
15245;14
15394;14
15466;14
15592;14
15644;14
15645;14
15714;14
15751;14
15789;14
15857;14
15892;14
15893;14
15921;14
15975;14
15977;14
15980;14
16026;14
16027;14
16028;14
16029;14
16089;14
16090;14
16093;14
16094;14
16109;14
16111;14
16137;14
16138;14
16141;14
16181;14
16182;14
16188;14
16213;14
16217;14
16224;14
16237;14
16245;14
16278;14
16319;14
16466;14
16605;14
16613;14
16627;14
16641;14
16648;14
16656;14
16670;14
16673;14
16695;14
16709;14
16712;14
16716;14
16744;14
16754;14
16756;14
16760;14
16770;14
16771;14
16780;14
16781;14
16791;14
16796;14
16799;14
16805;14
16806;14
16825;14
16835;14
16836;14
16856;14
16864;14
16870;14
16881;14
16888;14
16889;14
17032;14
17033;14
17034;14
17044;14
17087;14
17187;14
17208;14
17253;14
17269;14
17287;14
17396;14
17627;14
17736;14
17746;14
17756;14
17797;14
17839;14
17856;14
17863;14
17867;14
17879;14
17884;14
17918;14
17919;14
17930;14
17931;14
17961;14
17977;14
17984;14
18001;14
18061;14
18107;14
18168;14
18192;14
18193;14
18194;14
18195;14
18196;14
18227;14
18285;14
18296;14
18316;14
18324;14
18346;14
18405;14
18415;14
18416;14
18446;14
18462;14
18482;14
18488;14
18729;14
18781;14
18851;14
18855;14
18859;14
18931;14
18933;14
19041;14
19138;14
19146;14
19189;14
19257;14
19266;14
19281;14
19323;14
19377;14
19472;14
19473;14
19569;14
19803;14
19856;14
4185;14
15146;14
16468;14
17312;14
19194;14
12869;14
13110;14
13540;14
15148;14
15829;14
16724;14
11880;14
17575;14
19200;14
16651;14
14872;14
15837;14
15209;14
9473;14
9474;14
16282;14
16461;14
17799;14
17800;14
17801;14
17802;14
16491;14
17568;14
2061;14
2062;14
4797;14
4815;14
5185;14
5186;14
5187;14
5804;14
5805;14
5806;14
9140;14
10950;14
11685;14
11758;14
11784;14
11992;14
12373;14
12581;14
12670;14
12690;14
13249;14
13476;14
13651;14
14071;14
14251;14
14874;14
14875;14
15373;14
15866;14
15904;14
16471;14
16892;14
16893;14
16894;14
16896;14
17052;14
17348;14
17858;14
18189;14
18238;14
19376;14
12365;14
15011;14
16467;14
16473;14
15221;14
16492;14
9697;14
12126;14
12357;14
12368;14
13116;14
13949;14
15191;14
15966;14
16462;14
16465;14
77;14
10608;14
11744;14
12122;14
12512;14
12556;14
13475;14
13508;14
15923;14
16603;14
18275;14
12550;14
14173;14
16496;14
11864;14
12536;14
13801;14
12966;14
11850;14
11881;14
13548;14
16498;14
1957;14
16034;14
17901;14
19332;14
19456;14
1839;14
3971;14
5773;14
9966;14
9967;14
19195;14
19201;14
17833;14
444;14
445;14
446;14
447;14
448;14
449;14
450;14
451;14
452;14
453;14
454;14
455;14
456;14
457;14
458;14
459;14
460;14
1007;14
1023;14
1024;14
1053;14
1143;14
1227;14
1242;14
1246;14
1434;14
1546;14
1579;14
1923;14
2323;14
3421;14
3459;14
3506;14
3523;14
3524;14
3525;14
3526;14
3550;14
3643;14
3793;14
3794;14
3856;14
3982;14
3983;14
4578;14
4615;14
4629;14
4630;14
4648;14
4762;14
4874;14
4875;14
4988;14
5080;14
5092;14
5093;14
5121;14
5122;14
5154;14
5163;14
5239;14
5256;14
5262;14
5299;14
5308;14
5309;14
5327;14
5477;14
5691;14
5751;14
5786;14
5829;14
5860;14
5861;14
5904;14
5905;14
5906;14
5907;14
5908;14
5909;14
5924;14
5967;14
5968;14
6570;14
6571;14
6573;14
6592;14
6631;14
6632;14
6633;14
6694;14
6695;14
6711;14
6809;14
7451;14
7479;14
7492;14
7498;14
7555;14
7587;14
7644;14
7656;14
8085;14
8162;14
8765;14
8796;14
9177;14
9924;14
9925;14
10023;14
10152;14
10827;14
10946;14
11074;14
11623;14
11641;14
11657;14
11759;14
11950;14
12260;14
12590;14
12642;14
12687;14
12797;14
13718;14
14396;14
14811;14
14898;14
15137;14
15151;14
15169;14
15636;14
15646;14
15647;14
15648;14
15649;14
15650;14
15651;14
15652;14
15653;14
15949;14
16327;14
16654;14
17752;14
17910;14
17947;14
18293;14
18396;14
18477;14
19171;14
19229;14
14167;14
13099;14
16469;14
14903;14
78;14
4645;14
12481;14
14156;14
14581;14
16463;14
18310;14
15790;14
5801;14
16699;14
11707;14
11904;14
16434;14
12893;14
13198;14
13731;14
16460;14
13130;14
14707;14
14970;14
14978;14
6083;14
6084;14
7078;14
11512;14
11752;14
11911;14
11942;14
12114;14
12171;14
12377;14
12499;14
12547;14
12600;14
12634;14
12693;14
12812;14
12824;14
13359;14
13397;14
13486;14
13503;14
13518;14
13577;14
13607;14
13762;14
13787;14
13830;14
13897;14
13964;14
14047;14
14132;14
14369;14
14441;14
14630;14
15185;14
16472;14
16610;14
16675;14
16726;14
16788;14
17929;14
19521;14
13248;14
14015;14
13539;14
17011;14
11735;14
15034;14
17796;14
11566;14
11651;14
11665;14
11719;14
12004;14
12626;14
13053;14
15920;14
16464;14
12985;14
16707;14
17745;14
11474;14
11900;14
12755;14
13194;14
17583;14
16497;14
11555;14
16499;14
12862;14
13472;14
6274;18
16450;18
19728;18
10;18
422;18
423;18
424;18
425;18
426;18
432;18
433;18
434;18
435;18
437;18
440;18
441;18
442;18
443;18
596;18
597;18
644;18
908;18
1003;18
1004;18
1005;18
1006;18
1043;18
1100;18
1117;18
1149;18
1194;18
1532;18
1564;18
1895;18
2333;18
3449;18
3600;18
3749;18
3884;18
3939;18
3987;18
4066;18
4146;18
4795;18
4796;18
4958;18
5208;18
5209;18
5264;18
5265;18
5520;18
5521;18
5522;18
5523;18
5637;18
5638;18
5639;18
5709;18
5820;18
5869;18
5899;18
5946;18
5947;18
6271;18
6272;18
6273;18
6293;22
6294;18
6516;18
6549;18
6608;18
6664;18
6674;18
6675;18
6692;18
6742;18
6783;18
6867;18
7373;18
7510;18
7511;18
7636;18
7637;18
7891;18
8236;18
8237;18
8248;18
8746;18
8783;18
9035;18
9036;18
9577;18
9578;18
9579;18
9580;18
9717;18
9718;18
9742;18
9759;18
10010;18
10061;18
10062;18
10064;18
10112;18
10159;18
10160;18
10346;18
10725;18
10726;18
10815;18
10818;18
11530;18
11563;18
11756;18
11761;18
11778;18
12224;18
12421;18
12586;18
12695;18
13075;18
13982;18
14087;18
14569;18
15008;18
15113;18
15593;18
15810;18
15838;18
15950;18
16044;18
16161;18
16284;18
16285;18
16449;18
16601;18
16645;18
16786;18
17016;18
17071;18
17082;18
17251;18
17411;18
17862;18
18226;18
18267;18
18483;18
18635;18
18934;18
18975;18
19151;18
19183;18
19185;18
19187;18
19190;18
19191;18
19361;18
19363;18
19546;18
19547;18
19555;18
2341;18
15924;18
16454;18
9645;18
10954;18
6275;18
9599;18
16451;18
18265;18
19476;18
19477;18
12367;18
16448;18
6364;18
16457;18
16455;18
17479;18
16452;18
18976;18
16458;18
1395;22
2095;22
3599;22
5102;22
5103;22
7418;22
7419;22
7562;22
7563;22
7578;22
7653;22
7856;22
7857;22
7858;22
9896;22
10887;22
16032;22
16930;22
17207;22
17334;22
17349;22
18031;22
18200;22
19082;22
19549;22
19851;22
17909;22
16927;22
16929;22
67;22
4127;22
16919;22
16920;22
16931;22
4767;22
16065;22
427;22
428;22
429;22
430;22
431;22
436;22
438;22
439;22
906;22
1271;22
1594;22
1721;22
1896;22
1942;22
3989;22
4168;22
4778;22
4803;22
4808;22
5266;22
5433;22
5720;22
5756;22
5857;22
5925;22
5926;22
6036;22
6037;22
7601;22
8689;22
8690;22
8700;22
8764;22
9243;22
9661;22
9714;22
9715;22
9897;22
10168;22
10175;22
10176;22
10570;22
10589;22
12023;22
12203;22
12333;22
12334;22
12425;22
12513;22
12796;22
13394;22
13750;22
14146;22
16550;22
16775;22
16862;22
16863;22
17056;22
17057;22
17557;22
17853;22
17854;22
18239;22
18262;22
18393;22
18597;22
18751;22
18752;22
18869;22
18870;22
19029;22
19030;22
19287;22
19462;22
19539;22
19754;22
19755;22
12861;22
15903;22
16928;22
592;26
5056;26
6685;26
6686;26
9414;26
10011;26
10012;26
10013;26
10018;26
10019;26
10344;26
10358;26
10474;26
10520;26
10663;26
10890;26
11176;26
11177;26
11198;26
11748;26
12808;26
13758;26
14807;26
15256;26
16016;26
16049;26
16176;26
16177;26
16178;26
17216;26
17319;26
17320;26
17329;26
17346;26
17612;26
18070;26
18089;26
18090;26
18091;26
18132;26
18134;26
18177;26
18198;26
18234;26
19028;26
19222;26
19530;26
19554;26
19631;26
19632;26
19633;26
17260;26
18875;26
334;26
335;26
1027;26
1544;26
1545;26
1977;26
2315;26
3305;26
3769;26
4766;26
5136;26
5161;26
5215;26
5216;26
5241;26
5823;26
5883;26
5922;26
5923;26
6682;26
7093;26
7094;26
7095;26
7564;26
7855;26
7863;26
8006;26
8007;26
8471;26
8777;26
8778;26
9141;26
9415;26
9767;26
9881;26
10030;26
10359;26
12064;26
13128;26
14405;26
15545;26
15583;26
16037;26
16038;26
16733;26
17075;26
17103;26
17809;26
17936;26
18073;26
18133;26
18261;26
18268;26
18435;26
18738;26
337;26
338;26
1240;26
1275;26
1549;26
1737;26
2300;26
3382;26
3734;26
3849;26
3850;26
3874;26
3914;26
4789;26
5229;26
5230;26
5931;26
5932;26
6233;26
6308;26
6688;26
8477;26
8478;26
9492;26
9920;26
10667;26
10955;26
12825;26
13765;26
15561;26
15777;26
15916;26
16401;26
17881;26
18057;26
18175;26
18233;26
18818;26
15563;26
16059;26
16402;26
18903;26
18904;26
14250;26
11;26
1813;26
1814;26
6232;26
9203;26
9214;26
9215;26
9216;26
11175;26
11178;26
11361;26
13059;26
13620;26
15809;26
15858;26
15914;26
15953;26
16166;26
16287;26
16400;26
17549;26
18173;26
18813;26
19478;26
19481;26
1663;26
1664;26
1717;26
4649;26
4783;26
4784;26
6314;26
6863;26
6864;26
7087;26
7088;26
8738;26
8739;26
9880;26
11200;26
11292;26
15548;26
15591;26
15915;26
16057;26
16073;26
16818;26
17641;26
18176;26
19221;26
12800;26
15546;26
16398;26
9204;26
15547;26
15470;30
17369;30
17777;30
321;30
1745;30
8176;30
8183;30
8932;30
9904;30
10895;30
11215;30
12051;30
12065;30
13268;30
15940;30
16195;30
16437;30
16438;30
16711;30
17047;30
17174;30
18297;30
18658;30
18659;30
18660;30
18819;30
18820;30
18821;30
18822;30
19510;30
19792;30
19806;30
16436;30
1702;30
1707;30
5493;30
5494;30
7900;30
15828;30
16443;30
17990;30
17992;30
18165;30
18167;30
1960;30
1961;30
16594;30
16435;30
16444;30
16809;30
19828;30
7877;30
9711;30
12300;30
13494;30
14044;30
14089;30
14710;30
15474;30
17574;30
18030;30
19443;30
12758;30
16439;30
16445;30
12;30
320;30
645;30
988;30
1235;30
1719;30
1720;30
1766;30
3395;30
3755;30
3837;30
3892;30
4528;30
5491;30
5676;30
5677;30
5817;30
5964;30
6015;30
6336;30
6369;30
7056;30
7703;30
7704;30
7705;30
7853;30
7875;30
7881;30
8318;30
8490;30
8703;30
8704;30
8707;30
8708;30
8709;30
8714;30
9194;30
9197;30
9198;30
9731;30
10070;30
10184;30
10206;30
10573;30
10619;30
10809;30
11357;30
11411;30
11514;30
11556;30
11606;30
11978;30
12111;30
12289;30
12292;30
12395;30
12456;30
12460;30
12473;30
12492;30
12816;30
12915;30
13045;30
13046;30
13120;30
13197;30
13252;30
13291;30
13312;30
13438;30
13440;30
13627;30
13631;30
13749;30
13937;30
13996;30
14122;30
14213;30
14249;30
14494;30
14715;30
14931;30
15166;30
15225;30
15819;30
15854;30
15905;30
15955;30
15971;30
16157;30
16207;30
16228;30
16254;30
16634;30
16848;30
16849;30
16868;30
17018;30
17241;30
17242;30
17243;30
17244;30
17245;30
17277;30
17279;30
17969;30
18034;30
18166;30
18313;30
18679;30
18852;30
18908;30
19097;30
19459;30
19563;30
19723;30
19799;30
19810;30
19811;30
19812;30
19813;30
19814;30
13183;30
15925;30
16101;30
16624;30
72;30
319;30
1552;30
1597;30
3626;30
3847;30
3848;30
4081;30
4529;30
4718;30
4738;30
4739;30
5492;30
6540;30
6541;30
7670;30
7689;30
10114;30
10639;30
11202;30
12617;30
13717;30
16030;30
16441;30
17359;30
17527;30
17991;30
19653;30
19675;30
19710;30
19782;30
15471;30
17263;30
19149;30
317;30
318;30
578;30
2307;30
3330;30
3331;30
4728;30
4729;30
4730;30
4731;30
5011;30
5019;30
5051;30
5052;30
5150;30
5228;30
5675;30
6392;30
6393;30
6394;30
6581;30
6582;30
6634;30
7876;30
7997;30
8181;30
8182;30
8837;30
9176;30
9481;30
11329;30
12620;30
13235;30
14693;30
15170;30
15472;30
15594;30
16230;30
16551;30
16552;30
17095;30
17282;30
17305;30
17908;30
18082;30
18350;30
19153;30
19397;30
19398;30
16446;30
15475;30
16058;30
17962;30
18071;30
19615;30
19616;30
19683;30
1479;34
1827;34
1828;34
1829;34
1830;34
2125;34
2308;34
4113;34
4207;34
4208;34
6600;34
7403;34
7404;34
7405;34
9383;34
9647;34
9756;34
9757;34
9827;34
9876;34
10385;34
11304;34
12295;34
15375;34
15612;34
15757;34
15795;34
15811;34
15951;34
16025;34
16082;34
16083;34
16084;34
16586;34
16913;34
17217;34
17316;34
17384;34
17392;34
17979;34
18201;34
18411;34
18882;34
19753;34
16911;34
9877;34
16914;34
10918;34
16910;34
16918;34
10908;38
15236;38
15491;38
11553;38
12096;38
13275;38
15502;38
19850;38
10917;38
12086;38
16425;38
15506;38
16017;38
978;38
16196;38
17847;38
19321;38
19440;38
10911;38
11307;38
14427;38
15595;38
18053;38
19090;38
326;42
327;42
328;42
331;42
332;42
333;42
1248;42
1249;42
1324;42
1511;42
2313;42
3423;42
3431;42
3944;42
4017;42
4018;42
4062;42
4135;42
4175;42
5213;42
5279;42
5449;42
5450;42
5483;42
5836;42
5837;42
5939;42
6443;42
6764;42
6799;42
7379;42
7399;42
7400;42
7434;42
8194;42
8440;42
9144;42
9145;42
9146;42
10078;42
10169;42
10181;42
10208;42
10218;42
10404;42
10414;42
10878;42
10907;42
10926;42
11365;42
15859;42
15882;42
15952;42
16071;42
16085;42
16426;42
16574;42
16871;42
16880;42
16882;42
16922;42
17083;42
17099;42
17100;42
17101;42
17134;42
17135;42
17136;42
17137;42
17281;42
17290;42
17291;42
17397;42
17401;42
17404;42
17444;42
17445;42
17923;42
18050;42
18414;42
18426;42
18500;42
18802;42
19310;42
19314;42
19382;42
19434;42
19435;42
19446;42
19479;42
19816;42
19817;42
80;42
16878;42
16431;42
16432;42
329;42
330;42
1832;42
3926;42
3927;42
3961;42
4203;42
10198;42
10199;42
11656;42
12815;42
12879;42
16999;42
19464;42
19855;42
646;46
1577;46
1771;46
2317;46
3744;46
3745;46
3746;46
4512;46
4513;46
4577;46
6268;46
6269;46
8791;46
9182;46
9183;46
9882;46
9883;46
9884;46
9905;46
10099;46
10228;46
10524;46
10638;46
11378;46
12691;46
12793;46
12795;46
13150;46
13990;46
15376;46
15596;46
15813;46
15956;46
16514;46
16749;46
16769;46
17215;46
18100;46
18178;46
18179;46
18476;46
18779;46
19101;46
19857;46
19858;46
1738;46
4067;46
4201;46
8312;46
9378;46
9868;46
9869;46
9870;46
9871;46
9872;46
9873;46
9874;46
9875;46
10453;46
10457;46
10607;46
10883;46
15291;46
15295;46
16503;46
18174;46
19721;46
1799;46
3538;46
5789;46
12017;46
16509;46
16512;46
16515;46
11358;50
14629;50
16957;50
5527;50
7894;50
9836;50
9838;50
11469;50
11541;50
11695;50
11934;50
12381;50
12585;50
12624;50
12743;50
12853;50
12951;50
13181;50
13396;50
13723;50
13874;50
14113;50
14383;50
14401;50
14502;50
14531;50
14594;50
14860;50
15026;50
15153;50
15156;50
15201;50
15224;50
15232;50
15298;50
15871;50
16619;50
16723;50
17256;50
18229;50
19831;50
14908;50
712;50
4722;50
6839;50
9148;50
10050;50
10055;50
12273;50
13759;50
15123;50
16621;50
16845;50
16973;50
17755;50
18516;50
18520;50
11902;50
12794;50
12868;50
13096;50
14626;50
16662;50
15222;50
16979;50
5714;50
12116;50
12151;50
13308;50
13482;50
14841;50
17614;50
13675;50
11092;50
299;50
300;50
1106;50
1932;50
3310;50
3410;50
3622;50
3623;50
3655;50
4624;50
5135;50
5224;50
5713;50
7076;50
7599;50
7600;50
10888;50
11734;50
11832;50
12754;50
14293;50
15598;50
15797;50
16642;50
16710;50
73;50
4741;50
5912;50
1596;50
5174;50
6731;50
6732;50
9738;50
9739;50
11797;50
13027;50
13186;50
14143;50
14595;50
15571;50
16031;50
16640;50
18051;50
9223;50
17275;50
17719;50
10450;50
10451;50
11545;50
11547;50
11715;50
11745;50
12186;50
15237;50
15672;50
16975;50
18244;50
18245;50
18259;50
14943;50
11086;50
11599;50
12103;50
13202;50
13361;50
14917;50
12204;50
12578;50
12622;50
12628;50
13747;50
16812;50
12219;50
16978;50
74;50
16953;50
13693;50
75;50
1259;50
1826;50
2295;50
2296;50
3409;50
3878;50
3943;50
4173;50
4976;50
5669;50
5670;50
8169;50
8337;50
11214;50
11466;50
11701;50
12813;50
13691;50
13847;50
14348;50
14428;50
14563;50
15627;50
16162;50
16596;50
16626;50
16682;50
16955;50
17045;50
17313;50
19559;50
1593;42
5218;50
16954;50
18697;50
13374;54
16579;54
16932;54
19468;54
12091;54
14670;54
16937;54
14927;54
417;54
420;54
421;54
1384;54
1446;54
1572;54
3387;54
3388;54
3615;54
3642;54
3721;54
3765;54
4077;54
4100;54
4510;54
4827;54
5062;54
5072;54
5242;54
5243;54
5333;54
5458;54
5459;54
5780;54
5875;54
5891;54
6480;54
6624;54
6625;54
7544;54
8026;54
8089;54
8293;54
8329;54
8330;54
8454;54
8455;54
8456;54
8460;54
8755;54
8756;54
8915;54
8938;54
9163;54
9205;54
9258;54
9259;54
9260;54
9382;54
9497;54
9498;54
9499;54
9501;54
9659;54
9676;54
9978;54
10092;54
10536;54
10625;54
11094;54
11760;54
12070;54
12302;54
12366;54
12424;54
12598;54
12740;54
13316;54
13538;54
13746;54
14159;54
14236;54
14939;54
15364;54
15814;54
16169;54
16173;54
16175;54
16338;54
16387;54
16585;54
16728;54
16934;54
17107;54
17112;54
17295;54
17302;54
17470;54
17474;54
17563;54
17584;54
17857;54
17938;54
17955;54
17970;54
18058;54
18074;54
18075;54
18088;54
18109;54
18110;54
18210;54
18391;54
18397;54
18691;54
18692;54
18707;54
18863;54
18886;54
18889;54
18947;54
18948;54
19124;54
19207;54
19359;54
19388;54
19410;54
19482;54
19500;54
19501;54
19504;54
19524;54
19571;54
19769;54
19809;54
2321;54
13403;54
17270;54
18693;54
18706;54
18864;54
418;54
4107;54
4183;54
10707;54
11884;54
12374;54
12467;54
12597;54
12599;54
13369;54
13497;54
14023;54
14124;54
14283;54
14836;54
15064;54
16171;54
16944;54
17211;54
17376;54
17576;54
19447;54
19454;54
19819;54
16948;54
1775;54
1776;54
6346;54
6709;54
8051;54
8911;54
8916;54
18141;54
19487;54
19529;54
16947;54
11594;54
12799;54
13808;54
17025;54
19396;54
10902;54
19818;54
10533;54
11508;54
12083;54
16943;54
19486;54
9494;54
9495;54
9660;54
12084;54
13256;54
14460;54
3456;54
3942;54
5332;54
10617;54
10669;54
10706;54
10711;54
12294;54
13267;54
14098;54
16170;54
16172;54
16407;54
16590;54
16591;54
16933;54
17224;54
17228;54
19509;54
11093;54
13892;54
16945;54
16935;54
14;58
231;58
232;58
233;58
236;58
237;58
238;58
240;58
241;58
242;58
243;58
650;58
1199;58
1286;58
1330;58
1331;58
1512;58
1587;58
1732;58
1818;58
1857;58
1952;58
2331;58
3492;58
3678;58
3798;58
3896;58
3897;58
3898;58
4061;58
4108;58
4179;58
4180;58
4181;58
4638;58
4769;58
4824;58
4866;58
4909;58
5013;58
5021;58
5032;58
5193;58
5217;58
5384;58
5587;58
5644;58
5645;58
5646;58
5727;58
5728;58
5824;58
6023;58
6065;58
6301;58
6567;58
6780;58
7588;58
7589;58
7617;58
7667;58
8008;58
8013;58
8023;58
8300;58
8782;58
8827;58
8829;58
9192;58
9463;58
9505;58
9754;58
9755;58
9988;58
9989;58
10042;58
10043;58
10646;58
10701;58
11426;58
12378;58
12655;58
12717;58
13208;58
13763;58
13886;58
14632;58
14687;58
15171;58
15239;58
15484;58
15600;58
15821;58
15840;58
16050;58
16072;58
16256;58
16262;58
16301;58
16482;58
16592;58
16773;58
16793;58
16832;58
17030;58
17059;58
17353;58
17364;58
17378;58
17926;58
18004;58
18387;58
18510;58
18595;58
18596;58
18598;58
18599;58
18600;58
18797;58
18803;58
18858;58
18929;58
18932;58
19141;58
19142;58
19204;58
19311;58
19312;58
19315;58
19316;58
19317;58
19404;58
19505;58
19526;58
19536;58
19553;58
19584;58
19626;58
19627;58
19628;58
1953;58
18003;58
19205;58
3945;58
8042;58
18871;58
19711;58
19712;58
7275;58
9464;58
9465;58
16015;58
16410;58
1381;62
1465;62
3893;62
4779;62
6003;62
6372;62
6862;62
7057;62
7058;62
7357;62
8105;62
8106;62
8766;62
8769;62
8770;62
9171;62
9916;62
9917;62
10606;62
10629;62
10650;62
10899;62
10978;62
10979;62
10980;62
10981;62
11350;62
11384;62
13064;62
13957;62
15682;62
15824;62
16316;62
17372;62
17373;62
17374;62
17390;62
17391;62
18264;62
18331;62
18332;62
18763;62
19074;62
19083;62
19084;62
19322;62
19355;62
19400;62
19449;62
19450;62
19475;62
15681;62
16081;62
18678;62
25;62
26;62
27;62
28;62
29;62
84;62
245;62
731;62
963;62
964;62
965;62
966;62
967;62
979;62
980;62
1118;62
1119;62
1121;62
1166;62
1189;62
1231;62
1232;62
1236;62
1317;62
1361;62
1640;62
1713;62
1774;62
1846;62
1851;62
1875;62
1880;62
1884;62
1917;62
1918;62
1926;62
1937;62
1950;62
1978;62
2050;62
2342;62
3301;62
3386;62
3390;62
3405;62
3406;62
3435;62
3438;62
3485;62
3549;62
3640;62
3773;62
3877;62
3913;62
3915;62
4058;62
4124;62
4519;62
4584;62
4585;62
4744;62
4908;62
5049;62
5050;62
5107;62
5259;62
5604;62
5664;62
5838;62
5839;62
5873;62
5902;62
5975;62
5982;62
6004;62
6136;62
6265;62
6288;62
6289;62
6344;62
6345;62
6637;62
6649;62
6758;62
6811;62
6968;62
7062;62
7129;62
7136;62
7145;62
7746;62
7890;62
7895;62
7896;62
7899;62
7951;62
8292;62
8383;62
8474;62
8750;62
9022;62
9135;62
9335;62
9565;62
9581;62
9582;62
9583;62
9584;62
9698;62
10187;62
10432;62
10441;62
10528;62
10603;62
10912;62
11156;62
11352;62
11353;62
11355;62
11379;62
12092;62
12198;62
13067;62
13087;62
13378;62
13560;62
13683;62
13766;62
14828;62
14831;62
14910;62
15255;62
15422;62
15658;62
15825;62
15957;62
15986;62
16158;62
16211;62
16618;62
17062;62
17547;62
17572;62
17577;62
17607;62
17824;62
17825;62
18006;62
18129;62
18360;62
18825;62
18849;62
18865;62
18872;62
18890;62
18909;62
19147;62
19296;62
19433;62
19496;62
19506;62
19834;62
19843;62
4770;62
16415;62
17385;62
18766;62
19290;62
234;62
235;62
6762;62
8124;62
9002;62
9959;62
9990;62
239;62
246;62
4780;62
4781;62
4782;62
7273;62
7274;62
7356;62
8753;62
9614;62
10193;62
10194;62
10718;62
11351;62
11356;62
11857;62
13341;62
13711;62
13764;62
14214;62
14270;62
15486;62
16246;62
16295;62
16632;62
18186;62
18351;62
18382;62
18685;62
18764;62
18911;62
19071;62
19471;62
19480;62
19508;62
244;62
3756;62
4865;62
5002;62
5003;62
5250;62
5251;62
11811;62
13333;62
14708;62
15485;62
16535;62
18512;62
18765;62
18930;62
19451;62
19523;62
19540;62
19776;62
19777;62
19778;62
5345;62
7522;62
7758;62
8313;62
8314;62
10192;62
10602;62
15490;62
15607;62
17252;62
17555;62
18184;62
18185;62
18649;62
19157;62
19520;62
9787;62
15487;62
4187;62
5432;62
7369;62
7480;62
9911;62
10014;62
10182;62
17748;62
14555;66
15499;66
15932;66
16257;66
15;66
488;66
489;66
490;66
491;66
492;66
493;66
494;66
495;66
496;66
497;66
651;66
652;66
654;66
683;66
684;66
916;66
917;66
954;66
1009;66
1039;66
1088;66
1116;66
1182;66
1209;66
1219;66
1228;66
1252;66
1256;66
1477;66
1491;66
1508;66
1510;66
1599;66
1600;66
1602;66
1681;66
1746;66
1821;66
1877;66
2106;66
2325;66
3379;66
3380;66
3381;66
3402;66
3482;66
3483;66
3484;66
3527;66
3528;66
3579;66
3668;66
3735;66
3750;66
3757;66
3817;66
3865;66
3866;66
3885;66
3984;66
4056;66
4130;66
4582;66
4614;66
4625;66
4677;66
4693;66
4863;66
4864;66
4947;66
4986;66
5046;66
5086;66
5087;66
5112;66
5144;66
5179;66
5203;66
5219;66
5445;66
5586;66
5659;66
5755;66
5825;66
5854;66
5887;66
5888;66
5919;66
5933;66
5934;66
6025;66
6026;66
6027;66
6057;66
6149;66
6150;66
6353;66
6399;66
6400;66
6401;66
6435;66
6656;66
6657;66
6737;66
6789;66
6853;66
7079;66
7084;66
7351;66
7568;66
7582;66
7596;66
7597;66
7624;66
7745;66
7844;66
7910;66
8021;66
8048;66
8058;66
8141;66
8225;66
8260;66
8279;66
8797;66
8805;66
8835;66
8839;66
9208;66
9240;66
9241;66
9304;66
9490;66
9586;66
9587;66
9588;66
9589;66
9722;66
9758;66
9819;66
9918;66
9919;66
10109;66
10110;66
10180;66
10225;66
10420;66
10421;66
10587;66
10865;66
10881;66
11225;66
11234;66
11306;66
11494;66
11532;66
11585;66
11669;66
11907;66
12047;66
12228;66
12810;66
12840;66
13188;66
13336;66
13429;66
14017;66
14199;66
14311;66
14599;66
14669;66
15235;66
15465;66
15602;66
15615;66
15696;66
15717;66
15735;66
15791;66
15830;66
15855;66
15881;66
15954;66
15987;66
16062;66
16202;66
16203;66
16239;66
16264;66
16540;66
16545;66
16546;66
16553;66
16557;66
16558;66
16559;66
16562;66
16901;66
17837;66
17997;66
18140;66
18187;66
18228;66
18307;66
18308;66
18465;66
18728;66
18860;66
18907;66
19009;66
19032;66
19093;66
19152;66
19186;66
19242;66
19246;66
19541;66
19611;66
19730;66
19731;66
19740;66
14956;66
6354;66
12935;66
16092;66
16612;66
11298;66
15507;66
15917;66
18121;66
19224;66
16424;66
10427;66
18292;66
16422;66
15495;66
4586;66
4587;66
11239;66
15505;66
15863;66
7080;66
15504;66
15875;66
11807;66
19565;66
16;70
498;70
500;70
501;70
502;70
503;70
504;70
505;70
506;70
507;70
509;70
510;70
511;70
513;70
514;70
1251;70
1254;70
1273;70
1274;70
1459;70
1493;70
1568;70
1691;70
1849;70
1934;70
2326;70
3572;70
3603;70
3690;70
3714;70
3791;70
3792;70
3924;70
3925;70
4153;70
4696;70
4705;70
4706;70
4711;70
4727;70
4877;70
4949;70
4950;70
5089;70
5090;70
5148;70
5763;70
6349;70
6350;70
6351;70
7149;70
7715;70
7716;70
7717;70
7749;70
8179;70
8752;70
9334;70
9385;70
9386;70
9387;70
9388;70
9389;70
9390;70
9391;70
9392;70
9393;70
9394;70
9395;70
9396;70
9397;70
9398;70
9399;70
9405;70
9406;70
9407;70
9408;70
9409;70
9411;70
9451;70
9452;70
9454;70
9455;70
9475;70
9496;70
9736;70
9821;70
9822;70
9998;70
9999;70
10000;70
10166;70
10226;70
10924;70
10925;70
10927;70
10928;70
10929;70
10930;70
10947;70
11102;70
11382;70
11394;70
11422;70
11507;70
11591;70
11696;70
11751;70
11794;70
11870;70
11876;70
12152;70
12180;70
12199;70
12433;70
12681;70
12894;70
12900;70
13060;70
13598;70
13925;70
14083;70
14128;70
14142;70
14345;70
14523;70
14591;70
14603;70
15042;70
15403;70
15603;70
15800;70
15833;70
15834;70
15835;70
15861;70
16208;70
16381;70
16382;70
16483;70
16660;70
16697;70
16713;70
16757;70
16800;70
16861;70
17021;70
17090;70
17166;70
17188;70
17311;70
18012;70
18207;70
18208;70
18215;70
18216;70
18218;70
18263;70
18272;70
18319;70
18320;70
18321;70
18390;70
18468;70
18826;70
18827;70
18828;70
19297;70
19301;70
19374;70
19417;70
19485;70
11383;70
16988;70
12386;70
12558;70
14077;70
15935;70
16986;70
12610;70
13049;70
18801;70
19298;70
19299;70
508;70
512;70
515;70
516;70
1569;70
1570;70
1790;70
3742;70
3743;70
3829;70
4554;70
5111;70
5225;70
5689;70
5690;70
6066;70
8489;70
9636;70
9702;70
9703;70
9719;70
10222;70
10677;70
10680;70
11195;70
11196;70
11204;70
12043;70
15843;70
16247;70
17105;70
17172;70
17193;70
17314;70
17861;70
18066;70
18206;70
18217;70
18273;70
18333;70
18334;70
19300;70
10898;70
10923;70
12418;70
13760;70
17089;70
17138;70
19302;70
15879;70
522;74
1151;74
5196;74
6002;74
8479;74
8480;74
9785;74
9786;74
9889;74
9907;74
9908;74
9909;74
9910;74
10106;74
12045;74
13504;74
13883;74
14890;74
15482;74
15604;74
16837;74
17206;74
18481;74
18517;74
18518;74
18730;74
18733;74
18734;74
17;74
517;74
518;74
519;74
520;74
521;74
678;74
679;74
924;74
925;74
1010;74
1032;74
1033;74
1069;74
1111;74
1112;74
1148;74
1332;74
1507;74
1576;74
1744;74
1781;74
1905;74
1929;74
2023;74
2327;74
3424;74
3440;74
3441;74
3460;74
3613;74
3614;74
3713;74
3715;74
3716;74
3799;74
3800;74
3816;74
3907;74
4094;74
4095;74
4121;74
4571;74
4572;74
4608;74
4763;74
4860;74
5190;74
5240;74
5278;74
5359;74
5360;74
5403;74
5426;74
5427;74
5428;74
5429;74
5431;74
5802;74
5833;74
5834;74
5979;74
6199;74
6200;74
6201;74
6202;74
6203;74
6205;74
6206;74
6207;74
6818;74
6851;74
6852;74
6988;74
7474;74
7577;74
8098;74
8283;74
9590;74
9662;74
9663;74
9675;74
9760;74
9761;74
9762;74
9763;74
9771;74
9887;74
9938;74
10096;74
10132;74
10133;74
10348;74
10922;74
11226;74
11248;74
11493;74
11551;74
11572;74
11687;74
11890;74
11927;74
11971;74
12113;74
12301;74
12329;74
12542;74
12763;74
13017;74
13265;74
13737;74
13818;74
14274;74
14436;74
14888;74
14960;74
15483;74
15822;74
15959;74
15961;74
16248;74
16657;74
16745;74
16968;74
17002;74
17139;74
17698;74
17834;74
17927;74
18172;74
18188;74
18327;74
18418;74
18419;74
19654;74
19655;74
17294;74
1788;78
15554;78
1735;78
3580;78
7931;78
10931;78
11312;78
15551;78
17791;78
19228;78
16404;78
1734;78
1763;78
1764;78
2314;78
3752;78
5647;78
5648;78
5649;78
5650;78
6105;78
9416;78
9608;78
9641;78
9642;78
10458;78
10956;78
15556;78
15613;78
15815;78
15962;78
16405;78
17731;78
17732;78
18690;78
18840;78
18924;78
18949;78
18955;78
18956;78
19168;78
19258;78
19259;78
19261;78
19364;78
15853;78
17065;78
17066;78
4826;78
15555;78
18954;78
11504;82
11736;82
13512;82
13814;82
14127;82
15512;82
16649;82
16714;82
5036;82
5037;82
6434;82
11291;82
12319;82
14955;82
15511;82
16192;82
14096;82
12923;82
14341;82
14879;82
17259;82
68;82
71;82
1566;82
5983;82
6647;82
6984;82
8144;82
11161;82
11409;82
11448;82
11961;82
11973;82
12222;82
12479;82
12615;82
12629;82
12633;82
12736;82
12747;82
12784;82
12886;82
12933;82
13147;82
13165;82
13266;82
13300;82
13327;82
13377;82
13400;82
13422;82
13932;82
13973;82
14010;82
14011;82
14018;82
14186;82
14235;82
14287;82
14450;82
14482;82
14490;82
14509;82
14604;82
14607;82
14608;82
14644;82
14694;82
14824;82
14855;82
14919;82
14945;82
15012;82
15205;82
15387;82
15521;82
15601;82
15753;82
16630;82
16700;82
16785;82
17202;82
17203;82
18076;82
18866;82
18896;82
18897;82
18964;82
9969;82
10517;82
11509;82
11531;82
11618;82
11824;82
12326;82
12477;82
13276;82
15027;82
15172;82
16782;82
18067;82
14990;82
12029;82
12712;82
14073;82
14873;82
16738;82
17400;82
19393;82
11720;82
13166;82
14633;82
14981;82
15206;82
6252;82
6253;82
6254;82
10568;82
11711;82
11755;82
11757;82
11885;82
12121;82
12466;82
12653;82
12688;82
12751;82
12757;82
13335;82
13339;82
13807;82
14257;82
14929;82
15138;82
16762;82
17609;82
17998;82
17265;82
17266;82
70;82
7123;82
7124;82
11848;82
12142;82
12148;82
12396;82
12412;82
13490;82
13594;82
13923;82
13936;82
14412;82
14957;82
15386;82
15401;82
15527;82
15662;82
19241;82
19461;82
14040;82
15526;82
69;82
13551;82
14131;82
15234;82
15515;82
11886;82
11967;82
12817;82
12910;82
13330;82
14901;82
15510;82
17567;82
14467;82
16831;82
18;82
384;82
386;82
387;82
388;82
389;82
390;82
391;82
392;82
393;82
394;82
585;82
593;82
594;82
655;82
656;82
685;82
686;82
687;82
688;82
886;82
888;82
889;82
961;82
999;82
1017;82
1045;82
1221;82
1222;82
1309;82
1316;82
1391;82
1432;82
1467;82
1485;82
1509;82
1535;82
1674;82
1791;82
1933;82
1940;82
1941;82
2060;82
2069;82
2332;82
3302;82
3394;82
3415;82
3422;82
3487;82
3514;82
3539;82
3566;82
3681;82
3688;82
3689;82
3717;82
3718;82
3821;82
3822;82
3834;82
3868;82
3869;82
3870;82
3882;82
3883;82
3900;82
3901;82
3918;82
3930;82
4012;82
4015;82
4016;82
4091;82
4092;82
4525;82
4548;82
4549;82
4607;82
4661;82
4662;82
4746;82
4760;82
4835;82
4837;82
4838;82
4847;82
4852;82
4853;82
4854;82
4855;82
4856;82
4857;82
4858;82
4859;82
4924;82
4925;82
4934;82
4969;82
4972;82
4973;82
4981;82
4982;82
5008;82
5015;82
5054;82
5055;82
5074;82
5109;82
5206;82
5207;82
5246;82
5247;82
5324;82
5364;82
5365;82
5393;82
5481;82
5762;82
5896;82
5976;82
5999;82
6045;82
6186;82
6187;82
6188;82
6190;82
6191;82
6192;82
6483;82
6530;82
6558;82
6559;82
6784;82
6785;82
6791;82
6866;82
7150;82
7299;82
7345;82
7446;82
7458;82
7854;82
7885;82
7886;82
8033;82
8203;82
8204;82
8257;82
8469;82
8561;82
8562;82
8563;82
8564;82
8577;82
8582;82
8585;82
8586;82
8587;82
8588;82
8589;82
8671;82
8672;82
8673;82
8674;82
8675;82
8676;82
8677;82
8678;82
8683;82
8684;82
8685;82
8701;82
8702;82
8710;82
8711;82
8716;82
8725;82
8727;82
8728;82
8729;82
8730;82
8731;82
8737;82
8798;82
9142;82
9149;82
9184;82
9210;82
9441;82
9443;82
9466;82
9591;82
9914;82
10005;82
10068;82
10412;82
10571;82
10579;82
10580;82
10623;82
10651;82
10652;82
10852;82
11398;82
11424;82
11453;82
11561;82
11595;82
11598;82
11611;82
11716;82
11774;82
11816;82
11829;82
11875;82
11892;82
11926;82
11929;82
11943;82
11955;82
11970;82
11994;82
12035;82
12060;82
12067;82
12218;82
12241;82
12262;82
12263;82
12286;82
12382;82
12387;82
12531;82
12594;82
12621;82
12724;82
12805;82
12841;82
12864;82
12907;82
12963;82
13008;82
13106;82
13112;82
13153;82
13223;82
13314;82
13454;82
13457;82
13460;82
13562;82
13632;82
13680;82
13694;82
13753;82
13755;82
13859;82
13866;82
13903;82
13953;82
14075;82
14090;82
14093;82
14225;82
14308;82
14462;82
14474;82
14486;82
14530;82
14554;82
14636;82
14677;82
14856;82
14915;82
14935;82
15182;82
15195;82
15226;82
15252;82
15720;82
15776;82
15780;82
15783;82
15798;82
15816;82
15965;82
15967;82
15969;82
15992;82
15993;82
15994;82
15995;82
16002;82
16022;82
16086;82
16135;82
16147;82
16148;82
16149;82
16168;82
16539;82
16644;82
16698;82
16814;82
16833;82
16991;82
16992;82
16993;82
16994;82
17005;82
17175;82
17176;82
17232;82
17300;82
17393;82
17912;82
18338;82
18504;82
18505;82
18522;82
18523;82
18785;82
18857;82
18885;82
18921;82
19117;82
19118;82
19179;82
19308;82
19309;82
19503;82
19537;82
11408;82
11690;82
11742;82
12565;82
13014;82
13861;82
14006;82
14368;82
14374;82
14895;82
17318;82
11972;82
12453;82
12685;82
13040;82
13375;82
385;82
1225;82
1226;82
1870;82
3496;82
3497;82
3498;82
3499;82
3581;82
3857;82
3858;82
3934;82
4344;82
4507;82
5053;82
5461;82
5790;82
5791;82
5910;82
5911;82
6683;82
7352;82
7440;82
8113;82
8715;82
9021;82
9143;82
11753;82
12046;82
12315;82
12549;82
12564;82
12660;82
12766;82
13118;82
13200;82
13372;82
13373;82
13827;82
14007;82
14058;82
14068;82
14157;82
14671;82
14826;82
15411;82
15518;82
16250;82
16518;82
14229;82
15529;82
461;82
462;82
466;82
467;82
468;82
469;82
470;82
471;82
472;82
473;82
474;82
475;82
476;82
477;82
478;82
479;82
480;82
482;82
483;82
484;82
485;82
486;82
487;82
595;82
890;82
891;82
892;82
893;82
894;82
993;82
1008;82
1044;82
1120;82
1134;82
1172;82
1178;82
1185;82
1190;82
1210;82
1257;82
1261;82
1284;82
1285;82
1318;82
1387;82
1448;82
1466;82
1483;82
1484;82
1492;82
1501;82
1513;82
1554;82
1562;82
1567;82
1657;82
1682;82
1727;82
1739;82
1783;82
1816;82
1866;82
1867;82
1885;82
1938;82
1939;82
1975;82
2049;82
2085;82
2298;82
2324;82
2347;82
2348;82
2349;82
3300;82
3375;82
3393;82
3442;82
3463;82
3467;82
3501;82
3545;82
3551;82
3552;82
3573;82
3578;82
3588;82
3589;82
3610;82
3611;82
3612;82
3628;82
3629;82
3630;82
3645;82
3646;82
3675;82
3704;82
3729;82
3815;82
3827;82
3839;82
3889;82
3894;82
3895;82
3946;82
4097;82
4123;82
4131;82
4155;82
4199;82
4200;82
4518;82
4569;82
4590;82
4591;82
4609;82
4610;82
4626;82
4627;82
4639;82
4689;82
4703;82
4788;82
4914;82
4915;82
4916;82
4917;82
4922;82
4923;82
4935;82
4960;82
4974;82
4990;82
5017;82
5028;82
5029;82
5038;82
5043;82
5044;82
5061;82
5114;82
5115;82
5116;82
5118;82
5123;82
5124;82
5143;82
5173;82
5177;82
5200;82
5221;82
5222;82
5232;82
5233;82
5257;82
5260;82
5261;82
5263;82
5295;82
5337;82
5349;82
5350;82
5382;82
5383;82
5640;82
5724;82
5740;82
5759;82
5783;82
5784;82
5785;82
5808;82
5842;82
5847;82
5848;82
5864;82
5870;82
5874;82
5889;82
5890;82
5893;82
5898;82
5901;82
5913;82
5950;82
5951;82
6031;82
6179;82
6180;82
6181;82
6183;82
6184;82
6185;82
6261;82
6298;82
6303;82
6373;82
6390;82
6433;82
6436;82
6481;82
6496;82
6502;82
6503;82
6507;82
6511;82
6512;82
6521;82
6522;82
6529;82
6578;82
6580;82
6614;82
6619;82
6620;82
6696;82
6781;82
6793;82
6796;82
6803;82
6804;82
6805;82
6806;82
6813;82
6859;82
6873;82
7052;82
7368;82
7385;82
7435;82
7444;82
7445;82
7465;82
7473;82
7502;82
7545;82
7553;82
7554;82
7560;82
7561;82
7635;82
7646;82
7648;82
7658;82
7672;82
7736;82
7744;82
7852;82
7915;82
7952;82
8028;82
8102;82
8163;82
8166;82
8219;82
8247;82
8286;82
8305;82
8713;82
8717;82
8761;82
8762;82
8776;82
8788;82
8802;82
8822;82
8980;82
9096;82
9114;82
9150;82
9225;82
9346;82
9423;82
9430;82
9434;82
9556;82
9585;82
9598;82
9600;82
9601;82
9649;82
9650;82
9791;82
9839;82
9886;82
9913;82
10034;82
10217;82
10339;82
10389;82
10391;82
10393;82
10430;82
10527;82
10671;82
10684;82
10915;82
11068;82
11141;82
11184;82
11209;82
11313;82
11387;82
11390;82
11402;82
11403;82
11404;82
11428;82
11450;82
11495;82
11503;82
11526;82
11534;82
11546;82
11558;82
11607;82
11633;82
11639;82
11666;82
11673;82
11679;82
11689;82
11699;82
11705;82
11724;82
11762;82
11763;82
11827;82
11862;82
11887;82
11888;82
11896;82
11915;82
11920;82
11923;82
11960;82
11968;82
11983;82
11999;82
12015;82
12037;82
12082;82
12192;82
12200;82
12233;82
12245;82
12272;82
12297;82
12310;82
12322;82
12339;82
12343;82
12346;82
12349;82
12383;82
12405;82
12414;82
12462;82
12470;82
12471;82
12472;82
12501;82
12511;82
12523;82
12563;82
12616;82
12630;82
12637;82
12643;82
12645;82
12730;82
12761;82
12770;82
12773;82
12788;82
12806;82
12814;82
12837;82
12883;82
12888;82
12914;82
12921;82
12934;82
12945;82
12957;82
12964;82
12991;82
12995;82
13003;82
13004;82
13036;82
13079;82
13095;82
13103;82
13109;82
13143;82
13146;82
13155;82
13157;82
13167;82
13176;82
13215;82
13217;82
13227;82
13236;82
13270;82
13292;82
13317;82
13337;82
13357;82
13488;82
13498;82
13506;82
13521;82
13543;82
13561;82
13575;82
13595;82
13608;82
13610;82
13613;82
13624;82
13630;82
13646;82
13673;82
13742;82
13777;82
13826;82
13860;82
13868;82
13877;82
13880;82
13907;82
13908;82
13919;82
13995;82
14009;82
14020;82
14027;82
14033;82
14039;82
14069;82
14078;82
14099;82
14102;82
14114;82
14115;82
14116;82
14144;82
14155;82
14166;82
14182;82
14185;82
14231;82
14266;82
14277;82
14284;82
14309;82
14310;82
14319;82
14320;82
14325;82
14336;82
14347;82
14397;82
14404;82
14430;82
14434;82
14437;82
14443;82
14501;82
14533;82
14558;82
14577;82
14641;82
14649;82
14695;82
14714;82
14812;82
14813;82
14819;82
14865;82
14870;82
14882;82
14899;82
14933;82
14989;82
14998;82
15003;82
15035;82
15058;82
15060;82
15134;82
15181;82
15200;82
15247;82
15249;82
15251;82
15254;82
15412;82
15414;82
15671;82
15678;82
15680;82
15750;82
16097;82
16156;82
16189;82
16191;82
16194;82
16234;82
16608;82
16628;82
16633;82
16665;82
16669;82
16684;82
16691;82
16693;82
16727;82
16735;82
16743;82
16748;82
17003;82
17004;82
17043;82
17079;82
17094;82
17264;82
17293;82
17350;82
17351;82
17365;82
17380;82
17383;82
17398;82
17520;82
17542;82
17556;82
17592;82
17600;82
17628;82
17650;82
17767;82
17792;82
17818;82
17832;82
17868;82
17875;82
17999;82
18154;82
18155;82
18156;82
18232;82
18242;82
18243;82
18274;82
18284;82
18466;82
18467;82
18636;82
18661;82
18812;82
18901;82
18913;82
18937;82
18965;82
18966;82
19125;82
19160;82
19188;82
19223;82
19307;82
19392;82
19432;82
19437;82
19438;82
19557;82
19756;82
19804;82
463;82
464;82
465;82
1292;82
1550;82
1563;82
2019;82
3780;82
3917;82
4511;82
5420;82
5807;82
7421;82
7639;82
7657;82
8780;82
9964;82
11944;82
15509;82
11630;82
12652;82
13493;82
13657;82
14435;82
17234;82
19210;82
7355;82
12961;82
12997;82
13821;82
13828;82
14885;82
14932;82
15519;82
16637;82
13173;82
16794;82
17440;82
15517;82
15522;82
10569;82
15528;82
11614;82
15067;82
8694;82
11814;82
13566;82
18521;82
15523;82
15764;82
12950;82
14340;82
15514;82
16054;82
12848;82
16846;82
17795;82
2224;82
11500;82
12679;82
13791;82
11377;82
12119;82
12601;82
12647;82
13774;82
13863;82
14230;82
15104;82
15152;82
16763;82
17866;82
12735;82
15516;82
15524;82
13789;86
13958;86
15420;86
15434;86
15605;86
18139;86
66;86
523;86
524;86
525;86
526;86
690;86
1188;86
1200;86
1319;86
1333;86
1334;86
1335;86
2328;86
3592;86
4751;86
5067;86
5131;86
5132;86
5133;86
5134;86
5969;86
6493;86
6494;86
6635;86
6794;86
6795;86
7398;86
8093;86
8259;86
8572;86
8846;86
8907;86
8910;86
8920;86
8922;86
8925;86
8927;86
8933;86
8934;86
9180;86
9181;86
9606;86
9607;86
9720;86
9721;86
9728;86
9933;86
9934;86
9939;86
10097;86
10195;86
10242;86
10362;86
10363;86
10621;86
11308;86
11947;86
13127;86
14076;86
15372;86
15419;86
15426;86
15532;86
15622;86
15709;86
16018;86
16052;86
17446;86
17625;86
17626;86
17883;86
18008;86
18384;86
18719;86
18799;86
18800;86
18888;86
18902;86
19372;86
19431;86
19442;86
19586;86
19783;86
19784;86
19790;86
19791;86
19841;86
11212;86
11305;86
15565;86
12526;86
15530;86
19053;86
19;90
550;90
551;90
552;90
553;90
554;90
555;90
556;90
557;90
558;90
559;90
560;90
561;90
562;90
563;90
564;90
565;90
566;90
567;90
568;90
569;90
570;90
571;90
572;90
573;90
574;90
657;90
702;90
703;90
735;90
736;90
737;90
738;90
909;90
910;90
911;90
918;90
1013;90
1014;90
1015;90
1016;90
1034;90
1035;90
1036;90
1037;90
1038;90
1051;90
1058;90
1059;90
1072;90
1073;90
1083;90
1098;90
1099;90
1113;90
1114;90
1115;90
1132;90
1140;90
1157;90
1179;90
1191;90
1193;90
1205;90
1206;90
1247;90
1269;90
1270;90
1272;90
1315;90
1351;90
1393;90
1394;90
1429;90
1436;90
1447;90
1498;90
1499;90
1595;90
1603;90
1613;90
1660;90
1695;90
1697;90
1722;90
1753;90
1852;90
1855;90
1858;90
1869;90
1911;90
1916;90
1927;90
1949;90
2021;90
2040;90
2041;90
2043;90
2044;90
2045;90
2048;90
2082;90
2089;90
2225;90
2329;90
2343;90
3225;90
3389;90
3439;90
3495;90
3553;90
3565;90
3575;90
3576;90
3577;90
3604;90
3605;90
3616;90
3619;90
3620;90
3621;90
3693;90
3694;90
3778;90
3779;90
3784;90
3810;90
3844;90
3881;90
3985;90
3986;90
4114;90
4115;90
4517;90
4581;90
4612;90
4613;90
4636;90
4666;90
4667;90
4697;90
4712;90
4725;90
4726;90
4765;90
4831;90
4840;90
4841;90
4842;90
4868;90
4887;90
4911;90
4926;90
4927;90
4967;90
4996;90
4997;90
5027;90
5035;90
5040;90
5068;90
5069;90
5129;90
5130;90
5140;90
5141;90
5165;90
5166;90
5192;90
5211;90
5212;90
5220;90
5298;90
5320;90
5463;90
5484;90
5501;90
5502;90
5503;90
5561;90
5580;90
5581;90
5582;90
5602;90
5706;90
5707;90
5708;90
5729;90
5730;90
5766;90
5794;90
5795;90
5826;90
5862;90
5917;90
5961;90
5962;90
5970;90
5971;90
6012;90
6018;90
6058;90
6101;90
6102;90
6193;90
6194;90
6196;90
6197;90
6198;90
6208;90
6279;90
6280;90
6296;90
6297;90
6311;90
6312;90
6379;90
6492;90
6506;90
6508;90
6510;90
6569;90
6589;90
6599;90
6605;90
6639;90
6641;90
6699;90
6704;90
6705;90
6712;90
6733;90
6740;90
6741;90
6827;90
6828;90
6836;90
6841;90
6842;90
6849;90
7074;90
7388;90
7466;90
7500;90
7501;90
7512;90
7517;90
7536;90
7558;90
7559;90
7565;90
7566;90
7579;90
7580;90
7585;90
7586;90
7702;90
7732;90
7733;90
7734;90
7845;90
8081;90
8238;90
8240;90
8285;90
8297;90
8298;90
8309;90
8324;90
8392;90
8496;90
8497;90
8499;90
8500;90
8501;90
8502;90
8503;90
8504;90
8505;90
8506;90
8507;90
8508;90
8509;90
8510;90
8511;90
8512;90
8513;90
8515;90
8516;90
8517;90
8518;90
8519;90
8524;90
8527;90
8528;90
8529;90
8530;90
8536;90
8538;90
8540;90
8541;90
8542;90
8543;90
8544;90
8545;90
8546;90
8547;90
8548;90
8549;90
8550;90
8551;90
8552;90
8553;90
8554;90
8556;90
8557;90
8558;90
8559;90
8560;90
8565;90
8566;90
8571;90
8579;90
8583;90
8681;90
8699;90
8722;90
8723;90
8724;90
8732;90
8733;90
8735;90
8785;90
8786;90
8806;90
8807;90
8808;90
8809;90
8810;90
8811;90
8812;90
8813;90
8814;90
8824;90
8825;90
8828;90
8831;90
8966;90
8979;90
8991;90
8992;90
8993;90
9018;90
9020;90
9037;90
9038;90
9040;90
9044;90
9045;90
9046;90
9047;90
9048;90
9050;90
9051;90
9052;90
9053;90
9054;90
9055;90
9056;90
9057;90
9058;90
9059;90
9060;90
9061;90
9066;90
9067;90
9068;90
9073;90
9074;90
9075;90
9076;90
9077;90
9078;90
9079;90
9080;90
9081;90
9082;90
9083;90
9084;90
9085;90
9087;90
9088;90
9090;90
9091;90
9092;90
9093;90
9094;90
9095;90
9097;90
9098;90
9099;90
9100;90
9101;90
9102;90
9103;90
9104;90
9105;90
9106;90
9107;90
9108;90
9109;90
9110;90
9111;90
9112;90
9201;90
9592;90
9639;90
9644;90
9681;90
9683;90
9710;90
9750;90
10009;90
10026;90
10027;90
10047;90
10048;90
10057;90
10065;90
10072;90
10188;90
10201;90
10375;90
10394;90
10395;90
10419;90
10422;90
10581;90
10582;90
10620;90
10632;90
10654;90
10683;90
10819;90
10824;90
10826;90
10828;90
10833;90
10835;90
10837;90
10921;90
10972;90
10983;90
11072;90
11414;90
11517;90
11552;90
11602;90
11697;90
11840;90
11849;90
11863;90
12089;90
12206;90
13024;90
13190;90
13358;90
13459;90
13474;90
13652;90
13660;90
13934;90
14061;90
14133;90
14211;90
14402;90
14415;90
14421;90
14521;90
14640;90
14674;90
15210;90
15216;90
15540;90
15606;90
15794;90
15804;90
15806;90
15823;90
15939;90
16116;90
16155;90
16541;90
16547;90
16677;90
17096;90
17097;90
17308;90
17677;90
17678;90
17850;90
17851;90
17852;90
18060;90
18092;90
18199;90
18269;90
18339;90
18399;90
18447;90
18492;90
18497;90
18513;90
18519;90
18722;90
18736;90
18744;90
18876;90
18893;90
19092;90
19094;90
19096;90
19360;90
19405;90
19474;90
19522;90
19552;90
19568;90
19685;90
19714;90
19726;90
19759;90
1040;90
10686;90
11515;90
11838;90
12683;90
14294;90
15535;90
18727;90
19174;90
13444;90
3796;90
6752;90
13193;90
14022;90
14056;90
15538;90
8974;90
8975;90
16142;90
12087;90
14459;90
15017;90
15539;90
10028;90
15534;90
16053;90
12474;90
15542;90
914;90
3329;90
4752;90
4801;90
15933;66
15878;66
12363;66
15501;66
18315;66
15500;66
15503;66
16193;66
12484;66
16421;66
10426;66
16419;66
653;66
12402;66
13918;66
15874;66
16420;66
15496;66
584;06
3747;06
3763;06
10063;06
11159;06
11993;06
12981;06
13495;06
14817;06
16334;06
16790;06
18009;06
19198;06
13579;06
14625;06
15044;06
16653;06
16817;06
14966;06
15068;06
15218;06
12221;06
17355;06
18542;06
13093;06
13424;06
16036;06
17629;06
13967;06
11914;06
11587;06
18829;06
18830;06
18831;06
18912;06
13171;06
19044;06
19048;06
19073;06
12911;06
14469;06
13228;06
15669;06
12038;06
12920;06
11823;06
13345;06
13654;06
15248;06
15250;06
16658;06
1214;06
1693;06
2367;06
3726;06
4540;06
6343;06
10566;06
10616;06
12079;06
15978;06
17163;06
17164;06
17165;06
17168;06
17178;06
17872;06
18005;06
18784;06
18427;06
16671;06
17763;06
14712;06
18941;06
19262;06
30;06
44;06
93;06
94;06
1223;06
1282;06
1715;06
1754;06
1757;06
1779;06
1891;06
1902;06
1945;06
1970;06
1972;06
1988;06
2028;06
2099;06
3337;06
3432;06
3698;06
3724;06
3725;06
3875;06
4057;06
4071;06
4074;06
4075;06
4599;06
4600;06
4695;06
4878;06
4897;06
4975;06
5084;06
5202;06
5254;06
5281;06
5660;06
5661;06
6028;06
6029;06
6049;06
6050;06
6129;06
6361;06
6391;06
6763;06
7201;06
7204;06
7205;06
7507;06
7523;06
7539;06
7992;06
8255;06
8759;06
8897;06
9212;06
9222;06
9562;06
9680;06
9743;06
9811;06
9812;06
9813;06
9814;06
9820;06
9923;06
9930;06
9931;06
9971;06
10069;06
10170;06
10202;06
10203;06
10212;06
10387;06
10415;06
10424;06
10614;06
10664;06
10910;06
10945;06
10973;06
10984;06
11203;06
11295;06
11381;06
11392;06
11393;06
11395;06
11430;06
11601;06
11677;06
11974;06
12407;06
12518;06
12775;06
13163;06
13299;06
13838;06
13864;06
14085;06
14399;06
14500;06
14508;06
14522;06
14575;06
14892;06
14934;06
15176;06
15443;06
15444;06
15445;06
15626;06
15628;06
15654;06
15664;06
15668;06
15675;06
15679;06
16226;06
16602;06
17022;06
17189;06
17190;06
17191;06
17192;06
17198;06
17199;06
17200;06
17201;06
17793;06
17844;06
17932;06
18000;06
18026;06
18032;06
18103;06
18127;06
18135;06
18136;06
18148;06
18149;06
18150;06
18151;06
18152;06
18153;06
18157;06
18158;06
18159;06
18160;06
18429;06
18430;06
19384;06
19402;06
13405;06
14046;06
7468;06
8914;06
11477;06
11564;06
11567;06
11570;06
11873;06
12249;06
12279;06
12419;06
12912;06
13255;06
13409;06
13556;06
13843;06
14296;06
14631;06
14647;06
14862;06
16008;06
16686;06
18946;06
16386;06
11548;06
18221;06
13678;06
11604;06
11964;06
12220;06
12956;06
13041;06
13179;06
13189;06
13226;06
13582;06
14021;06
14072;06
14376;06
14439;06
14466;06
14547;06
19057;06
3706;06
3707;06
3708;06
15660;06
13020;06
13187;06
13138;06
14163;06
16376;06
18877;06
14014;06
5296;06
5297;06
16569;06
17341;06
17342;06
19499;06
12849;06
10367;06
11739;06
14037;06
18511;06
10952;06
18670;06
16830;06
10361;06
18498;06
18501;06
11985;06
19324;06
19457;06
18846;06
18847;06
18916;06
14168;06
16774;06
13334;06
13623;06
12093;06
16362;06
4191;06
4192;06
4193;06
4194;06
6607;06
6612;06
9615;06
9616;06
10020;06
10204;06
10207;06
10221;06
11255;06
11265;06
11266;06
11267;06
11737;06
16308;06
18180;06
18420;06
18421;06
18422;06
18423;06
18424;06
18425;06
19423;06
19519;06
11460;06
19154;06
14827;06
13250;06
15456;06
16369;06
18689;06
18868;06
19018;06
10600;06
15053;06
16366;06
13648;06
18673;06
18667;06
16005;06
18834;06
19158;06
11627;06
19060;06
16209;06
11731;06
11746;06
12102;06
18671;06
16344;06
18527;06
19011;06
19489;06
11946;06
11449;06
12830;06
17749;06
17750;06
11479;06
15673;06
15707;06
19095;06
15213;06
15480;74
15477;74
15481;74
15479;74
19821;74
16440;30
15476;30
18681;30
15473;30
15852;30
17769;30
19463;30
13530;30
8705;30
16442;30
19827;30
14165;30
14060;30
14876;30
11878;30
12455;30
19439;30
16638;30
18475;30
19448;30
17204;30
11903;30
15827;46
15900;46
15384;46
16513;46
15941;46
17361;46
15851;46
16510;46
15385;46
16661;46
16511;46
15566;86
15936;86
15937;86
10893;86
15569;86
15568;86
15799;86
19424;86
15567;86
15826;86
12108;86
15238;86
15570;86
15531;86
16906;22
16917;22
16926;22
16925;22
12090;22
12858;22
16915;22
16921;22
12729;22
13310;22
15755;22
16923;22
16908;22
12097;22
18814;22
16164;22
16907;22
16924;22
19375;70
15934;70
16983;70
18007;70
16987;70
12567;70
17116;10
16529;10
16527;10
16526;10
19280;10
16521;10
16528;10
17805;10
16522;10
13912;10
16524;10
19347;10
18881;10
16525;10
12827;10
16530;10
18739;10
18745;10
18746;10
18747;10
19492;10
18454;10
16430;42
16575;42
19357;42
19358;42
16433;42
12623;42
19556;42
16429;42
9620;42
11801;50
16717;50
15189;50
14120;50
16980;50
15230;50
10649;50
17141;50
14024;50
18270;50
19212;50
19353;50
11800;50
16976;50
5512;50
11708;50
13182;50
14050;50
16958;50
14271;50
14692;50
14822;50
16956;50
16952;50
12106;54
12107;54
12447;54
13370;54
16966;54
19135;54
16949;54
11913;54
16741;54
18940;54
18705;54
18491;54
16942;54
12913;54
15599;54
18906;54
18704;54
9500;54
17262;54
18128;54
14880;54
16174;54
16938;54
16533;34
15926;34
10953;34
16534;34
16916;34
16532;34
8781;34
16912;34
18971;58
18977;58
18978;58
18979;58
14839;58
15931;58
17324;58
19289;58
18725;58
3677;58
9906;58
17230;58
18874;58
19727;58
15901;58
17354;58
3937;58
3938;58
15862;58
17395;58
19465;58
19572;58
19593;58
19564;58
10897;58
15873;58
16409;58
18770;62
16416;62
18771;62
19034;62
19545;62
6648;62
18769;62
19263;62
15489;62
18724;62
19050;62
19562;62
16417;62
19054;62
19077;62
14835;62
18768;62
11796;62
18767;62
19072;62
16719;62
18773;62
14954;82
12649;82
15513;82
11909;82
12230;82
13426;82
14227;82
14028;82
11451;82
11452;82
11540;82
11608;82
11646;82
11700;82
11836;82
11868;82
11905;82
12308;82
12313;82
12545;82
12650;82
12656;82
12723;82
12938;82
12939;82
13122;82
13145;82
13365;82
13398;82
13487;82
13563;82
13873;82
13998;82
14109;82
14265;82
14324;82
14476;82
14478;82
14624;82
14823;82
14918;82
15098;82
15896;82
13203;82
13421;82
14589;82
11658;82
12270;82
12998;82
14673;82
15520;82
11629;82
11783;82
12834;82
13870;82
14275;82
14297;82
14382;82
15101;82
11891;82
11668;82
11729;82
12054;82
13810;82
13854;82
14652;82
14988;82
15078;82
16819;82
11457;82
11820;82
12144;82
12189;82
12517;82
12733;82
12940;82
12941;82
12954;82
13123;82
13281;82
13477;82
13480;82
13483;82
13484;82
13485;82
13500;82
13580;82
13696;82
13719;82
13785;82
13841;82
13879;82
14337;82
14557;82
15001;82
15018;82
15066;82
12267;82
13088;82
13501;82
14335;82
15143;82
14643;82
14326;82
16701;82
15996;82
14894;82
11459;82
11638;82
11899;82
11918;82
12696;82
12968;82
13107;82
13811;82
13976;82
14013;82
14082;82
14110;82
14976;82
12604;82
13381;82
13462;82
13862;82
14940;82
14338;82
11603;82
11895;82
12276;82
12562;82
12570;82
12573;82
13399;82
13604;82
14567;82
13715;82
14150;82
10577;82
10578;82
12158;82
12944;82
13549;82
13888;82
14012;82
13546;82
7755;82
11520;82
12829;82
14560;82
14877;82
11562;82
12293;82
14149;82
14239;82
14290;82
14539;82
15006;82
12686;82
11845;82
11846;82
15055;82
15160;82
19512;82
12013;82
12018;82
12903;82
14438;82
11589;82
12515;82
14830;82
12181;82
13799;82
12898;82
14690;82
11579;82
14618;82
11793;82
13131;82
13423;82
14623;82
15095;82
15159;82
15525;82
11158;82
12025;90
14081;90
15898;90
12798;90
15536;90
15543;90
12924;90
12042;90
6797;90
9134;90
9491;90
10413;90
11626;90
11932;90
12482;90
13340;90
13442;90
13606;90
18086;90
18401;90
19240;90
15544;90
15537;90
14651;90
15541;90
11210;90
18726;90
16060;26
15945;26
15946;26
5605;26
15560;26
15944;26
16397;26
11533;26
15562;26
15559;26
15918;26
16210;26
16399;26
14206;18
12483;18
16456;18
11787;18
12468;18
12596;18
16459;18
16447;18
18815;18
14851;14
16470;14
19416;14
19042;14
13714;14
4500;14
15964;14
13491;14
14999;14
17917;14
15039;14
13115;14
13331;14
13681;14
13916;14
16680;14
12759;14
12916;14
13126;14
3617;14
13915;14
13124;14
16258;14
16265;14
16260;14
16267;14
11662;14
11986;14
12582;14
13199;14
13287;14
14549;14
11506;14
11300;14
15865;14
15019;14
13541;14
13006;14
13301;14
15836;14
16815;14
15136;14
15947;14
19758;14
14273;14
13251;14
18258;14
19021;14
11772;14
14034;14
11513;14
16056;14
17798;14
15796;14
15948;14
14045;14
19199;14
15845;14
11806;14
11810;14
12553;14
13387;14
14016;14
15063;14
18142;14
18143;14
18144;14
18146;14
19720;14
13720;14
16688;14
16263;14
12120;14
12936;14
12953;14
11524;14
16488;14
15128;14
15848;14
12520;14
14123;14
14101;14
17870;14
11445;14
13302;14
19193;14
18502;38
10891;38
12088;38
13797;38
15492;38
15493;38
15498;38
15868;38
18494;38
15928;38
12085;38
912;38
913;38
989;38
1212;38
1481;38
1559;38
1836;38
1893;38
1921;38
2046;38
2068;38
2311;38
3531;38
3638;38
3659;38
3660;38
3777;38
3863;38
3928;38
3929;38
4014;38
4178;38
5326;38
5348;38
5385;38
5387;38
5735;38
5736;38
5781;38
5798;38
5819;38
5980;38
6304;38
6584;38
6739;38
6991;38
7116;38
7370;38
7413;38
8246;38
8267;38
8745;38
8799;38
8976;38
9172;38
9921;38
10053;38
10148;38
10149;38
10209;38
10223;38
10224;38
10252;38
10253;38
10309;38
12109;38
18276;38
15494;38
15906;38
15497;38
15867;38
15869;38
15550;78
19163;78
19502;78
15552;78
15880;78
15553;78
16403;78
19365;78
19366;78
19367;78
16259;78
16266;78
1833;78
3762;78
7160;78
12429;78
15549;78
16946;54
17073;54
17076;54
15478;74
5529;06
9348;06
9349;06
9350;06
9351;06
9352;06
10770;06
10771;06
10875;06
10876;06
10877;06
14701;06
15043;06
18918;06
9888;74
16214;74
12648;82
13802;82
14700;82
11945;10
17886;10
17887;10
16936;54
16939;54
17714;54
11510;82
13726;82
16597;06
19045;06
17236;30
17307;30
19781;30
10903;06
11652;06
11977;06
12008;06
12278;06
12348;06
12702;06
13279;06
13448;06
13564;06
13969;06
13974;06
17785;06
19133;06
15919;14
11521;50
16982;70
9493;54
16940;54
18887;54
16909;22
16500;14
12359;82
16453;18
15899;10
11659;54
16418;62
13960;06
11714;10
13815;10
16523;10
19304;10
16423;66
17697;06
13185;14
18049;30
4530;30
4531;30
4532;30
4533;30
16243;30
18842;30
18843;30
19826;30
12506;38
15383;46
16504;46
15850;46
13;50
297;50
298;50
301;50
302;50
303;50
304;50
305;50
306;50
307;50
308;50
309;50
310;50
311;50
312;50
313;50
314;50
315;50
316;50
582;50
598;50
599;50
600;50
601;50
627;50
647;50
648;50
649;50
696;50
699;50
711;50
725;50
923;50
1067;50
1153;50
1170;50
1356;50
1388;50
1437;50
1557;50
1571;50
1669;50
1689;50
1700;50
1703;50
1784;50
1789;50
1825;50
1837;50
1910;50
1919;50
1969;50
1976;50
2292;50
2306;50
2340;50
2344;50
2345;50
2346;50
2416;50
3280;50
3307;50
3372;50
3443;50
3452;50
3543;50
3544;50
3562;50
3563;50
3669;50
3670;50
3823;50
3824;50
3840;50
3890;50
3891;50
3902;50
3908;50
3909;50
3962;50
3963;50
3976;50
3977;50
4085;50
4086;50
4184;50
4195;50
4196;50
4197;50
4198;50
4545;50
4546;50
4562;50
4563;50
4570;50
4668;50
4723;50
4724;50
4822;50
4839;50
4970;50
5073;50
5126;50
5151;50
5157;50
5169;50
5170;50
5171;50
5252;50
5253;50
5255;50
5271;50
5336;50
5366;50
5367;50
5368;50
5369;50
5370;50
5371;50
5372;50
5373;50
5376;50
5377;50
5381;50
5442;50
5507;50
5511;50
5513;50
5683;50
5732;50
5753;50
5764;50
5765;50
5767;50
5768;50
5827;50
5850;50
5851;50
5882;50
5900;50
5944;50
5989;50
5990;50
5991;50
6000;50
6139;50
6172;50
6173;50
6174;50
6176;50
6177;50
6178;50
6256;50
6300;50
6315;50
6318;50
6341;50
6365;50
6381;50
6382;50
6385;50
6386;50
6387;50
6485;50
6486;50
6513;50
6537;50
6538;50
6563;50
6564;50
6574;50
6575;50
6603;50
6716;50
6717;50
6734;50
6792;50
6800;50
6810;50
6817;50
6840;50
6868;50
6900;50
6919;50
6920;50
6921;50
6971;50
6972;50
6973;50
7075;50
7376;50
7377;50
7615;50
7661;50
7662;50
7663;50
7665;50
7666;50
7998;50
8012;50
8047;50
8119;50
8172;50
8175;50
8180;50
8262;50
8741;50
8784;50
8990;50
9003;50
9165;50
9195;50
9196;50
9347;50
9442;50
9558;50
9576;50
9637;50
9732;50
9733;50
9734;50
9741;50
9747;50
9748;50
9749;50
9829;50
10066;50
10098;50
10178;50
10179;50
10347;50
10376;50
10449;50
10567;50
10691;50
10867;50
11077;50
11201;50
11221;50
11412;50
11413;50
11462;50
11499;50
11528;50
11621;50
11631;50
11676;50
11683;50
11984;50
11990;50
12238;50
12264;50
12410;50
12899;50
12978;50
13015;50
13047;50
13309;50
13555;50
13647;50
13655;50
13687;50
13735;50
13850;50
13876;50
13928;50
14067;50
14244;50
14247;50
14385;50
14458;50
14524;50
14535;50
14596;50
14829;50
14833;50
14883;50
14914;50
15028;50
15077;50
15253;50
15307;50
15315;50
15323;50
15460;50
15655;50
15697;50
15698;50
15725;50
15820;50
15846;50
15930;50
16100;50
16114;50
16268;50
16280;50
16291;50
16315;50
16318;50
16323;50
16367;50
16576;50
16577;50
16588;50
16595;50
16616;50
16646;50
16706;50
16747;50
16902;50
16903;50
17017;50
17167;50
17177;50
17219;50
17225;50
17226;50
17271;50
17289;50
17565;50
17713;50
17821;50
17933;50
17957;50
18028;50
18096;50
18225;50
18266;50
18311;50
18394;50
18484;50
18485;50
18558;50
18839;50
18861;50
18905;50
19170;50
19239;50
19370;50
19381;50
19383;50
19411;50
19548;50
19757;50
12952;50
12463;50
12804;50
14001;50
14493;50
12110;50
12406;50
13410;50
14228;50
15872;50
17935;50
11588;50
14426;50
17954;50
13253;50
13453;50
14492;50
16974;50
12288;50
12464;50
14605;50
14606;50
11813;50
12380;50
12426;50
12530;50
13751;50
13891;50
14360;50
14386;50
16121;50
16977;50
18314;50
13819;50
12253;70
12635;70
13320;70
15677;70
16984;70
16985;70
953;70
16981;70
76;70
11798;70
12044;70
12123;70
13353;70
13416;70
13558;70
14597;70
16989;70
18214;70
16631;70
18213;70
15421;82
11661;82
11976;82
12094;82
12465;82
12519;82
12684;82
12960;82
13710;82
13767;82
13922;82
14252;82
14263;82
65;90
19567;90
15870;38
15382;46
16505;46
9019;90
14422;90
322;38
323;38
324;38
325;38
1311;38
1337;38
8743;38
9113;38
10139;38
10423;38
10640;38
10872;38
11155;38
11185;38
11698;38
12320;38
12337;38
12393;38
12428;38
13001;38
13676;38
14158;38
14219;38
15464;38
15792;38
15812;38
15849;38
15856;38
15984;38
17019;38
17020;38
17069;38
17070;38
17268;38
17288;38
17327;38
17338;38
17399;38
17498;38
17504;38
17505;38
17521;38
17545;38
17546;38
17588;38
17859;38
17946;38
17952;38
17953;38
18015;38
18054;38
18055;38
18353;38
18479;38
18528;38
18653;38
18662;38
19089;38
19192;38
19319;38
19320;38
19805;38
17117;54
